Country name,year,Life Ladder,Log GDP per capita,Social support,Healthy life expectancy at birth,Freedom to make life choices,Generosity,Perceptions of corruption,Positive affect,Negative affect
Afghanistan,2008,3.724,7.37,0.451,50.8,0.718,0.168,0.882,0.518,0.258
Afghanistan,2009,4.402,7.54,0.552,51.2,0.679,0.19,0.85,0.584,0.237
Afghanistan,2010,4.758,7.647,0.539,51.6,0.6,0.121,0.707,0.618,0.275
Afghanistan,2011,3.832,7.62,0.521,51.92,0.496,0.162,0.731,0.611,0.267
Afghanistan,2012,3.783,7.705,0.521,52.24,0.531,0.236,0.776,0.71,0.268
Afghanistan,2013,3.572,7.725,0.484,52.56,0.578,0.061,0.823,0.621,0.273
Afghanistan,2014,3.131,7.718,0.526,52.88,0.509,0.104,0.871,0.532,0.375
Afghanistan,2015,3.983,7.702,0.529,53.2,0.389,0.08,0.881,0.554,0.339
Afghanistan,2016,4.22,7.697,0.559,53,0.523,0.042,0.793,0.565,0.348
Afghanistan,2017,2.662,7.697,0.491,52.8,0.427,-0.121,0.954,0.496,0.371
Afghanistan,2018,2.694,7.692,0.508,52.6,0.374,-0.094,0.928,0.424,0.405
Afghanistan,2019,2.375,7.697,0.42,52.4,0.394,-0.108,0.924,0.351,0.502
Albania,2007,4.634,9.142,0.821,65.8,0.529,-0.009,0.875,0.553,0.246
Albania,2009,5.485,9.262,0.833,66.2,0.525,-0.158,0.864,0.64,0.279
Albania,2010,5.269,9.303,0.733,66.4,0.569,-0.172,0.726,0.648,0.3
Albania,2011,5.867,9.331,0.759,66.68,0.487,-0.205,0.877,0.628,0.257
Albania,2012,5.51,9.347,0.785,66.96,0.602,-0.169,0.848,0.607,0.271
Albania,2013,4.551,9.359,0.759,67.24,0.632,-0.127,0.863,0.634,0.338
Albania,2014,4.814,9.378,0.626,67.52,0.735,-0.025,0.883,0.685,0.335
Albania,2015,4.607,9.403,0.639,67.8,0.704,-0.081,0.885,0.688,0.35
Albania,2016,4.511,9.437,0.638,68.1,0.73,-0.017,0.901,0.675,0.322
Albania,2017,4.64,9.476,0.638,68.4,0.75,-0.029,0.876,0.669,0.334
Albania,2018,5.004,9.518,0.684,68.7,0.824,0.009,0.899,0.713,0.319
Albania,2019,4.995,9.544,0.686,69,0.777,-0.099,0.914,0.681,0.274
Albania,2020,5.365,9.497,0.71,69.3,0.754,0.007,0.891,0.679,0.265
Algeria,2010,5.464,9.287,,64.5,0.593,-0.205,0.618,,
Algeria,2011,5.317,9.297,0.81,64.66,0.53,-0.181,0.638,0.55,0.255
Algeria,2012,5.605,9.311,0.839,64.82,0.587,-0.172,0.69,0.604,0.23
Algeria,2014,6.355,9.335,0.818,65.14,,,,0.626,0.177
Algeria,2016,5.341,9.362,0.749,65.5,,,,0.661,0.377
Algeria,2017,5.249,9.354,0.807,65.7,0.437,-0.167,0.7,0.642,0.289
Algeria,2018,5.043,9.348,0.799,65.9,0.583,-0.146,0.759,0.591,0.293
Algeria,2019,4.745,9.337,0.803,66.1,0.385,0.005,0.741,0.585,0.215
Angola,2011,5.589,8.946,0.723,52.5,0.584,0.055,0.911,0.659,0.361
Angola,2012,4.36,8.992,0.753,53.2,0.456,-0.136,0.906,0.558,0.305
Angola,2013,3.937,9.005,0.722,53.9,0.41,-0.104,0.816,0.658,0.371
Angola,2014,3.795,9.017,0.755,54.6,0.375,-0.168,0.834,0.579,0.368
Argentina,2006,6.313,9.942,0.938,66.82,0.733,-0.157,0.852,0.825,0.328
Argentina,2007,6.073,10.018,0.862,66.94,0.653,-0.141,0.881,0.828,0.279
Argentina,2008,5.961,10.048,0.892,67.06,0.678,-0.132,0.865,0.823,0.318
Argentina,2009,6.424,9.977,0.919,67.18,0.637,-0.13,0.885,0.864,0.237
Argentina,2010,6.441,10.066,0.927,67.3,0.73,-0.126,0.855,0.846,0.211
Argentina,2011,6.776,10.112,0.889,67.48,0.816,-0.174,0.755,0.84,0.232
Argentina,2012,6.468,10.091,0.902,67.66,0.747,-0.148,0.817,0.857,0.272
Argentina,2013,6.582,10.103,0.91,67.84,0.737,-0.13,0.823,0.842,0.254
Argentina,2014,6.671,10.067,0.918,68.02,0.745,-0.164,0.854,0.857,0.238
Argentina,2015,6.697,10.083,0.926,68.2,0.881,-0.174,0.851,0.859,0.305
Argentina,2016,6.427,10.051,0.883,68.4,0.848,-0.192,0.851,0.842,0.312
Argentina,2017,6.039,10.067,0.907,68.6,0.832,-0.186,0.841,0.809,0.292
Argentina,2018,5.793,10.032,0.9,68.8,0.846,-0.211,0.855,0.82,0.321
Argentina,2019,6.086,10,0.896,69,0.817,-0.211,0.83,0.826,0.319
Argentina,2020,5.901,9.85,0.897,69.2,0.823,-0.122,0.816,0.764,0.342
Armenia,2006,4.289,9.044,0.682,64.8,0.52,-0.231,0.85,0.494,0.469
Armenia,2007,4.882,9.181,0.76,64.9,0.605,-0.251,0.817,0.507,0.412
Armenia,2008,4.652,9.256,0.709,65,0.462,-0.215,0.876,0.521,0.385
Armenia,2009,4.178,9.111,0.68,65.1,0.441,-0.214,0.882,0.543,0.411
Armenia,2010,4.368,9.136,0.66,65.2,0.459,-0.176,0.891,0.51,0.426
Armenia,2011,4.26,9.182,0.705,65.36,0.465,-0.225,0.875,0.475,0.459
Armenia,2012,4.32,9.249,0.676,65.52,0.502,-0.215,0.893,0.518,0.464
Armenia,2013,4.277,9.277,0.723,65.68,0.504,-0.195,0.9,0.562,0.45
Armenia,2014,4.453,9.307,0.739,65.84,0.506,-0.218,0.92,0.581,0.404
Armenia,2015,4.348,9.334,0.723,66,0.551,-0.203,0.901,0.594,0.438
Armenia,2016,4.325,9.333,0.709,66.3,0.611,-0.17,0.921,0.594,0.437
Armenia,2017,4.288,9.402,0.698,66.6,0.614,-0.147,0.865,0.625,0.437
Armenia,2018,5.062,9.451,0.814,66.9,0.808,-0.163,0.677,0.581,0.455
Armenia,2019,5.488,9.522,0.782,67.2,0.844,-0.172,0.583,0.598,0.43
Australia,2005,7.341,10.659,0.968,71.4,0.935,,0.39,0.843,0.238
Australia,2007,7.285,10.703,0.965,71.72,0.891,0.347,0.513,0.826,0.215
Australia,2008,7.254,10.719,0.947,71.88,0.916,0.305,0.431,0.826,0.218
Australia,2010,7.45,10.722,0.955,72.2,0.932,0.317,0.366,0.834,0.22
Australia,2011,7.406,10.733,0.967,72.3,0.945,0.369,0.382,0.816,0.195
Australia,2012,7.196,10.754,0.945,72.4,0.935,0.274,0.368,0.811,0.214
Australia,2013,7.364,10.762,0.928,72.5,0.933,0.269,0.432,0.819,0.177
Australia,2014,7.289,10.772,0.924,72.6,0.923,0.319,0.442,0.775,0.245
Australia,2015,7.309,10.779,0.952,72.7,0.922,0.332,0.357,0.79,0.21
Australia,2016,7.25,10.791,0.942,73,0.922,0.239,0.399,0.791,0.236
Australia,2017,7.257,10.798,0.95,73.3,0.911,0.317,0.411,0.78,0.225
Australia,2018,7.177,10.811,0.94,73.6,0.916,0.146,0.405,0.759,0.187
Australia,2019,7.234,10.815,0.943,73.9,0.918,0.121,0.43,0.77,0.202
Australia,2020,7.137,10.76,0.937,74.2,0.905,0.21,0.491,0.769,0.205
Austria,2006,7.122,10.842,0.936,70.76,0.941,0.302,0.49,0.823,0.174
Austria,2008,7.181,10.887,0.935,71.08,0.879,0.291,0.614,0.832,0.173
Austria,2010,7.303,10.861,0.914,71.4,0.896,0.131,0.546,0.815,0.156
Austria,2011,7.471,10.887,0.944,71.54,0.939,0.132,0.703,0.789,0.145
Austria,2012,7.401,10.889,0.945,71.68,0.92,0.118,0.771,0.822,0.157
Austria,2013,7.499,10.883,0.95,71.82,0.922,0.168,0.679,0.787,0.163
Austria,2014,6.95,10.882,0.899,71.96,0.885,0.118,0.567,0.78,0.17
Austria,2015,7.076,10.881,0.928,72.1,0.9,0.099,0.557,0.798,0.164
Austria,2016,7.048,10.891,0.926,72.4,0.889,0.08,0.524,0.756,0.197
Austria,2017,7.294,10.908,0.906,72.7,0.89,0.133,0.518,0.748,0.18
Austria,2018,7.396,10.928,0.912,73,0.904,0.053,0.523,0.752,0.226
Austria,2019,7.195,10.939,0.964,73.3,0.903,0.06,0.457,0.774,0.205
Austria,2020,7.213,10.851,0.925,73.6,0.912,0.011,0.464,0.769,0.206
Azerbaijan,2006,4.728,9.17,0.854,61.88,0.772,-0.235,0.774,0.512,0.276
Azerbaijan,2007,4.568,9.386,0.753,62.26,0.522,-0.207,0.871,0.521,0.284
Azerbaijan,2008,4.817,9.465,0.684,62.64,0.601,-0.029,0.715,0.578,0.227
Azerbaijan,2009,4.574,9.534,0.736,63.02,0.498,-0.087,0.754,0.544,0.234
Azerbaijan,2010,4.219,9.569,0.687,63.4,0.501,-0.123,0.858,0.527,0.272
Azerbaijan,2011,4.68,9.54,0.725,63.64,0.537,-0.105,0.795,0.536,0.258
Azerbaijan,2012,4.911,9.549,0.762,63.88,0.599,-0.14,0.763,0.554,0.266
Azerbaijan,2013,5.481,9.592,0.77,64.12,0.672,-0.168,0.699,0.619,0.242
Azerbaijan,2014,5.252,9.607,0.799,64.36,0.733,-0.208,0.654,0.598,0.22
Azerbaijan,2015,5.147,9.606,0.786,64.6,0.764,-0.198,0.616,0.607,0.206
Azerbaijan,2016,5.304,9.564,0.777,64.9,0.713,-0.204,0.607,0.598,0.191
Azerbaijan,2017,5.152,9.555,0.787,65.2,0.731,-0.225,0.653,0.592,0.198
Azerbaijan,2018,5.168,9.562,0.781,65.5,0.772,-0.232,0.561,0.593,0.191
Azerbaijan,2019,5.173,9.575,0.887,65.8,0.854,-0.214,0.457,0.643,0.164
Bahrain,2009,5.701,10.709,0.904,65.94,0.896,0.037,0.506,0.764,0.422
Bahrain,2010,5.937,10.706,0.877,66.3,0.862,-0.001,0.715,0.685,0.423
Bahrain,2011,4.824,10.696,0.908,66.58,0.87,-0.051,0.583,0.544,0.514
Bahrain,2012,5.027,10.716,0.911,66.86,0.682,,0.438,0.589,0.381
Bahrain,2013,6.69,10.757,0.884,67.14,0.809,,0.525,0.768,0.306
Bahrain,2014,6.165,10.783,,67.42,,,,,
Bahrain,2015,6.007,10.785,0.853,67.7,0.85,0.112,,0.716,0.303
Bahrain,2016,6.17,10.781,0.863,68.1,0.889,0.088,,0.787,0.283
Bahrain,2017,6.227,10.771,0.876,68.5,0.906,0.136,,0.814,0.29
Bahrain,2019,7.098,10.715,0.878,69.3,0.907,0.048,,0.762,0.317
Bahrain,2020,6.173,10.62,0.848,69.7,0.945,0.132,,0.79,0.297
Bangladesh,2006,4.319,7.783,0.672,59.02,0.612,0.068,0.786,0.6,0.321
Bangladesh,2007,4.607,7.839,0.514,59.44,0.605,0.04,0.806,0.635,0.313
Bangladesh,2008,5.052,7.886,0.467,59.86,0.606,-0.044,0.802,0.725,0.232
Bangladesh,2009,5.083,7.924,0.528,60.28,0.631,-0.075,0.776,0.67,0.223
Bangladesh,2010,4.858,7.967,0.549,60.7,0.659,-0.016,0.774,0.629,0.292
Bangladesh,2011,4.986,8.018,0.606,61.12,0.838,-0.069,0.757,0.685,0.235
Bangladesh,2012,4.724,8.07,0.582,61.54,0.668,-0.034,0.765,0.714,0.183
Bangladesh,2013,4.66,8.116,0.53,61.96,0.742,-0.016,0.743,0.619,0.246
Bangladesh,2014,4.636,8.164,0.577,62.38,0.736,-0.098,0.789,,0.231
Bangladesh,2015,4.633,8.216,0.601,62.8,0.815,-0.068,0.721,0.635,0.226
Bangladesh,2016,4.556,8.274,0.649,63.3,0.875,-0.089,0.688,0.56,0.235
Bangladesh,2017,4.31,8.334,0.713,63.8,0.896,0.012,0.635,0.569,0.214
Bangladesh,2018,4.499,8.399,0.706,64.3,0.901,-0.043,0.701,0.541,0.361
Bangladesh,2019,5.114,8.467,0.673,64.8,0.902,-0.051,0.656,0.537,0.369
Bangladesh,2020,5.28,8.472,0.739,65.3,0.777,-0.009,0.742,0.582,0.332
Belarus,2006,5.658,9.489,0.918,61.1,0.707,-0.246,0.708,0.605,0.269
Belarus,2007,5.617,9.576,0.858,61.4,0.667,-0.225,0.695,0.596,0.235
Belarus,2008,5.463,9.677,0.904,61.7,0.64,-0.22,0.696,,0.246
Belarus,2009,5.564,9.681,0.908,62,0.679,-0.203,0.676,0.566,0.223
Belarus,2010,5.526,9.758,0.918,62.3,0.7,-0.163,0.706,0.567,0.208
Belarus,2011,5.225,9.812,0.91,62.88,0.656,-0.168,0.672,0.521,0.249
Belarus,2012,5.749,9.83,0.902,63.46,0.645,-0.217,0.657,0.523,0.181
Belarus,2013,5.876,9.839,0.923,64.04,0.723,-0.177,0.653,0.609,0.206
Belarus,2014,5.812,9.856,0.88,64.62,0.647,-0.048,0.682,0.619,0.209
Belarus,2015,5.719,9.815,0.924,65.2,0.623,-0.091,0.669,0.584,0.184
Belarus,2016,5.178,9.788,0.927,65.5,0.658,-0.125,0.664,0.554,0.182
Belarus,2017,5.553,9.814,0.9,65.8,0.621,-0.122,0.654,0.541,0.233
Belarus,2018,5.234,9.846,0.905,66.1,0.644,-0.174,0.718,0.45,0.236
Belarus,2019,5.821,9.86,0.917,66.4,0.657,-0.186,0.546,0.591,0.19
Belgium,2005,7.262,10.745,0.935,69.9,0.924,,0.598,0.796,0.26
Belgium,2007,7.219,10.792,0.922,70.26,0.901,0.069,0.721,0.813,0.218
Belgium,2008,7.117,10.789,0.923,70.44,0.887,0.007,0.652,0.813,0.242
Belgium,2010,6.854,10.779,0.931,70.8,0.807,0.022,0.697,0.828,0.24
Belgium,2011,7.111,10.783,0.937,70.92,0.88,-0.014,0.711,0.835,0.225
Belgium,2012,6.935,10.784,0.927,71.04,0.855,-0.05,0.758,0.82,0.238
Belgium,2013,7.104,10.784,0.909,71.16,0.891,0.017,0.574,0.797,0.217
Belgium,2014,6.855,10.795,0.944,71.28,0.861,0.001,0.512,0.798,0.252
Belgium,2015,6.904,10.81,0.885,71.4,0.869,0.062,0.469,0.805,0.24
Belgium,2016,6.949,10.819,0.929,71.6,0.866,-0.056,0.497,0.765,0.26
Belgium,2017,6.928,10.834,0.922,71.8,0.857,0.054,0.543,0.786,0.234
Belgium,2018,6.892,10.844,0.93,72,0.808,-0.125,0.63,0.75,0.25
Belgium,2019,6.772,10.853,0.884,72.2,0.776,-0.172,0.672,0.733,0.244
Belgium,2020,6.839,10.771,0.904,72.4,0.767,-0.164,0.634,0.647,0.26
Belize,2007,6.451,8.892,0.872,61.6,0.705,0.033,0.769,0.759,0.251
Belize,2014,5.956,8.883,0.757,62.22,0.874,0.022,0.782,0.755,0.282
Benin,2006,3.33,7.866,0.445,50.1,0.58,-0.011,0.79,0.587,0.309
Benin,2008,3.667,7.915,0.382,50.9,0.709,-0.004,0.825,0.584,0.303
Benin,2011,3.87,7.904,0.477,51.98,0.773,-0.142,0.849,0.626,0.219
Benin,2012,3.193,7.923,0.523,52.26,0.769,-0.111,0.806,0.583,0.231
Benin,2013,3.479,7.964,0.577,52.54,0.783,-0.085,0.856,0.702,0.216
Benin,2014,3.347,7.998,0.506,52.82,0.776,-0.096,0.855,0.59,0.273
Benin,2015,3.625,7.988,0.434,53.1,0.733,-0.027,0.85,0.592,0.373
Benin,2016,4.007,7.993,0.493,53.5,0.78,-0.065,0.838,0.608,0.456
Benin,2017,4.853,8.021,0.436,53.9,0.727,-0.065,0.767,0.615,0.458
Benin,2018,5.82,8.059,0.504,54.3,0.713,0.002,0.747,0.647,0.468
Benin,2019,4.976,8.098,0.442,54.7,0.77,-0.016,0.698,0.659,0.441
Benin,2020,4.408,8.102,0.507,55.1,0.783,-0.083,0.532,0.609,0.305
Bhutan,2013,5.569,9.123,0.819,59.6,0.81,0.353,0.802,0.779,0.217
Bhutan,2014,4.939,9.167,0.88,59.9,0.834,0.268,0.65,0.859,0.324
Bhutan,2015,5.082,9.219,0.848,60.2,0.83,0.277,0.634,0.81,0.312
Bolivia,2006,5.374,8.686,0.834,59,0.77,-0.044,0.794,0.739,0.432
Bolivia,2007,5.628,8.714,0.796,59.5,0.78,0.001,0.817,0.771,0.388
Bolivia,2008,5.298,8.756,0.785,60,0.726,-0.092,0.801,0.781,0.392
Bolivia,2009,6.086,8.773,0.831,60.5,0.779,-0.036,0.763,0.797,0.372
Bolivia,2010,5.781,8.797,0.807,61,0.703,-0.068,0.781,0.766,0.35
Bolivia,2011,5.779,8.831,0.817,61.34,0.782,-0.039,0.825,0.761,0.361
Bolivia,2012,6.019,8.865,0.781,61.68,0.862,-0.015,0.84,0.782,0.409
Bolivia,2013,5.767,8.915,0.803,62.02,0.846,-0.067,0.812,0.759,0.41
Bolivia,2014,5.865,8.953,0.821,62.36,0.881,0.018,0.832,0.809,0.398
Bolivia,2015,5.834,8.985,0.829,62.7,0.884,-0.03,0.862,0.786,0.393
Bolivia,2016,5.77,9.012,0.796,63,0.882,-0.047,0.853,0.783,0.376
Bolivia,2017,5.651,9.039,0.779,63.3,0.884,-0.12,0.819,0.698,0.434
Bolivia,2018,5.916,9.066,0.827,63.6,0.863,-0.093,0.786,0.742,0.387
Bolivia,2019,5.674,9.074,0.784,63.9,0.881,-0.086,0.857,0.751,0.419
Bolivia,2020,5.559,8.998,0.805,64.2,0.877,-0.054,0.868,0.79,0.382
Bosnia and Herzegovina,2007,4.9,9.267,0.766,66.04,0.342,0.006,0.926,0.613,0.296
Bosnia and Herzegovina,2009,4.963,9.296,0.735,66.48,0.258,-0.026,0.959,0.572,0.39
Bosnia and Herzegovina,2010,4.669,9.312,0.773,66.7,0.365,-0.128,0.933,0.517,0.409
Bosnia and Herzegovina,2011,4.995,9.333,0.725,66.74,0.333,-0.035,0.925,0.596,0.326
Bosnia and Herzegovina,2012,4.773,9.342,0.779,66.78,0.42,-0.013,0.953,0.548,0.338
Bosnia and Herzegovina,2013,5.124,9.382,0.767,66.82,0.39,0.042,0.97,0.544,0.315
Bosnia and Herzegovina,2014,5.249,9.411,0.788,66.86,0.412,0.232,0.976,0.531,0.262
Bosnia and Herzegovina,2015,5.117,9.457,0.656,66.9,0.631,-0.055,0.96,0.534,0.286
Bosnia and Herzegovina,2016,5.181,9.5,0.808,67.2,0.633,0.134,0.957,0.641,0.304
Bosnia and Herzegovina,2017,5.09,9.532,0.775,67.5,0.564,0.092,0.923,0.597,0.271
Bosnia and Herzegovina,2018,5.887,9.576,0.836,67.8,0.659,0.123,0.913,0.643,0.277
Bosnia and Herzegovina,2019,6.016,9.609,0.873,68.1,0.722,0.079,0.963,0.633,0.238
Bosnia and Herzegovina,2020,5.516,9.583,0.899,68.4,0.74,0.138,0.916,0.644,0.325
Botswana,2006,4.739,9.492,0.883,46.82,0.824,-0.195,0.723,0.688,0.226
Botswana,2008,5.451,9.59,0.832,49.86,0.858,-0.164,0.806,0.731,0.218
Botswana,2010,3.553,9.556,0.866,52.9,0.826,-0.143,0.814,0.69,0.172
Botswana,2011,3.52,9.6,0.86,53.68,0.813,-0.25,0.816,0.739,0.16
Botswana,2012,4.836,9.632,0.837,54.46,0.799,-0.203,0.814,0.773,0.171
Botswana,2013,4.128,9.728,0.856,55.24,0.767,-0.154,0.749,0.698,0.244
Botswana,2014,4.031,9.756,0.859,56.02,0.791,-0.105,0.743,0.674,0.245
Botswana,2015,3.762,9.724,0.816,56.8,0.857,-0.116,0.86,0.746,0.261
Botswana,2016,3.499,9.748,0.768,57.5,0.852,-0.253,0.729,0.686,0.252
Botswana,2017,3.505,9.756,0.768,58.2,0.817,-0.248,0.731,0.656,0.276
Botswana,2018,3.461,9.778,0.795,58.9,0.818,-0.254,0.807,0.73,0.267
Botswana,2019,3.471,9.785,0.774,59.6,0.833,-0.239,0.792,0.712,0.273
Brazil,2005,6.637,9.438,0.883,63.3,0.882,,0.745,0.818,0.302
Brazil,2007,6.321,9.515,0.886,63.78,0.777,-0.016,0.728,0.859,0.299
Brazil,2008,6.691,9.555,0.878,64.02,0.782,-0.078,0.688,0.82,0.265
Brazil,2009,7.001,9.544,0.913,64.26,0.767,-0.055,0.723,0.833,0.274
Brazil,2010,6.837,9.607,0.906,64.5,0.806,-0.054,0.656,0.817,0.25
Brazil,2011,7.038,9.637,0.916,64.76,0.834,-0.072,0.662,0.807,0.268
Brazil,2012,6.66,9.647,0.89,65.02,0.849,,0.623,0.755,0.35
Brazil,2013,7.14,9.668,0.91,65.28,0.785,-0.095,0.707,0.818,0.276
Brazil,2014,6.981,9.664,0.898,65.54,0.714,-0.115,0.71,0.788,0.274
Brazil,2015,6.547,9.62,0.907,65.8,0.799,-0.016,0.771,0.755,0.325
Brazil,2016,6.375,9.578,0.912,66,0.807,-0.1,0.781,0.763,0.302
Brazil,2017,6.333,9.583,0.905,66.2,0.765,-0.175,0.794,0.716,0.308
Brazil,2018,6.191,9.589,0.882,66.4,0.751,-0.117,0.763,0.75,0.35
Brazil,2019,6.451,9.592,0.899,66.6,0.83,-0.062,0.762,0.761,0.337
Brazil,2020,6.11,9.522,0.831,66.8,0.786,-0.053,0.729,0.692,0.389
Bulgaria,2007,3.844,9.715,0.832,65.1,0.566,-0.138,0.976,0.594,0.226
Bulgaria,2010,3.912,9.765,0.843,65.7,0.545,-0.144,0.941,0.546,0.238
Bulgaria,2011,3.875,9.795,0.86,65.8,0.664,-0.228,0.948,0.534,0.271
Bulgaria,2012,4.222,9.804,0.838,65.9,0.641,-0.172,0.938,0.573,0.237
Bulgaria,2013,3.993,9.813,0.829,66,0.603,-0.191,0.962,0.623,0.278
Bulgaria,2014,4.438,9.838,0.886,66.1,0.576,-0.055,0.955,0.628,0.236
Bulgaria,2015,4.865,9.883,0.908,66.2,0.637,-0.2,0.941,0.643,0.214
Bulgaria,2016,4.838,9.928,0.926,66.4,0.7,-0.17,0.936,0.622,0.172
Bulgaria,2017,5.097,9.969,0.942,66.6,0.689,-0.154,0.911,0.614,0.189
Bulgaria,2018,5.099,10.007,0.924,66.8,0.724,-0.176,0.952,0.639,0.189
Bulgaria,2019,5.108,10.047,0.948,67,0.822,-0.109,0.943,0.663,0.2
Bulgaria,2020,5.598,9.991,0.916,67.2,0.818,-0.004,0.901,0.706,0.221
Burkina Faso,2006,3.801,7.367,0.796,46.66,0.588,0.028,0.798,0.716,0.266
Burkina Faso,2007,4.017,7.377,0.771,47.42,0.582,-0.06,0.833,0.651,0.281
Burkina Faso,2008,3.846,7.403,0.727,48.18,0.612,-0.101,0.887,0.523,0.304
Burkina Faso,2010,4.036,7.453,0.773,49.7,0.587,-0.036,0.767,0.59,0.217
Burkina Faso,2011,4.785,7.487,0.71,50.24,0.725,-0.105,0.707,0.579,0.205
Burkina Faso,2012,3.955,7.52,0.744,50.78,0.622,-0.07,0.726,0.545,0.3
Burkina Faso,2013,3.326,7.546,0.745,51.32,0.741,-0.016,0.765,0.63,0.287
Burkina Faso,2014,3.481,7.559,0.742,51.86,0.71,-0.004,0.801,0.614,0.256
Burkina Faso,2015,4.419,7.568,0.705,52.4,0.659,0.004,0.693,0.579,0.359
Burkina Faso,2016,4.206,7.596,0.764,52.9,0.645,-0.001,0.721,0.616,0.337
Burkina Faso,2017,4.647,7.627,0.785,53.4,0.614,-0.063,0.727,0.585,0.354
Burkina Faso,2018,4.927,7.665,0.665,53.9,0.721,-0.013,0.757,0.711,0.343
Burkina Faso,2019,4.741,7.691,0.683,54.4,0.678,-0.004,0.729,0.691,0.365
Burundi,2008,3.563,6.719,0.291,49.02,0.26,-0.019,0.86,0.44,0.253
Burundi,2009,3.792,6.723,0.326,49.66,0.427,-0.019,0.718,0.641,0.164
Burundi,2011,3.706,6.748,0.422,50.68,0.49,-0.062,0.677,0.689,0.19
Burundi,2014,2.905,6.787,0.565,51.82,0.431,-0.059,0.808,0.656,0.251
Burundi,2018,3.775,6.635,0.485,53.4,0.646,-0.024,0.599,0.666,0.363
Cambodia,2006,3.569,7.746,0.793,55.3,,0.255,0.829,0.719,0.341
Cambodia,2007,4.156,7.829,0.675,56.1,0.819,0.116,0.879,,0.32
Cambodia,2008,4.462,7.879,0.619,56.9,0.914,0.045,0.888,0.739,0.335
Cambodia,2009,4.111,7.865,0.818,57.7,0.937,0.152,0.965,0.796,0.188
Cambodia,2010,4.141,7.907,0.697,58.5,0.94,0.35,0.896,0.774,0.422
Cambodia,2011,4.161,7.96,0.716,58.88,0.927,0.418,0.775,0.799,0.308
Cambodia,2012,3.899,8.014,0.606,59.26,0.956,0.247,0.89,0.82,0.352
Cambodia,2013,3.674,8.068,0.651,59.64,0.941,0.164,0.812,0.792,0.44
Cambodia,2014,3.883,8.121,0.693,60.02,0.938,0.239,0.843,0.783,0.482
Cambodia,2015,4.162,8.173,0.729,60.4,0.956,0.21,0.825,0.813,0.399
Cambodia,2016,4.461,8.225,0.746,60.8,0.958,0.076,0.84,0.839,0.398
Cambodia,2017,4.586,8.276,0.765,61.2,0.964,0.088,0.821,0.799,0.408
Cambodia,2018,5.122,8.333,0.795,61.6,0.958,0.036,,0.845,0.414
Cambodia,2019,4.998,8.387,0.759,62,0.957,0.013,0.828,0.844,0.39
Cambodia,2020,4.377,8.362,0.724,62.4,0.963,0.052,0.863,0.878,0.39
Cameroon,2006,3.851,8.007,0.69,45.98,0.653,-0.009,0.907,0.606,0.271
Cameroon,2007,4.35,8.028,0.717,46.56,0.644,-0.031,0.91,0.635,0.249
Cameroon,2008,4.292,8.034,0.697,47.14,0.58,-0.069,0.945,0.6,0.312
Cameroon,2009,4.741,8.029,0.729,47.72,0.698,-0.017,0.925,0.593,0.25
Cameroon,2010,4.554,8.035,0.759,48.3,0.792,0.002,0.875,0.606,0.274
Cameroon,2011,4.434,8.048,0.738,48.7,0.817,-0.029,0.87,0.598,0.272
Cameroon,2012,4.245,8.065,0.743,49.1,0.766,-0.032,0.898,0.618,0.284
Cameroon,2013,4.271,8.09,0.76,49.5,0.794,-0.03,0.867,0.681,0.268
Cameroon,2014,4.24,8.12,0.778,49.9,0.795,-0.071,0.856,0.623,0.216
Cameroon,2015,5.038,8.149,0.646,50.3,0.791,0.049,0.868,0.651,0.346
Cameroon,2016,4.816,8.167,0.659,51.1,0.713,-0.003,0.879,0.662,0.367
Cameroon,2017,5.074,8.176,0.695,51.9,0.767,-0.028,0.844,0.632,0.377
Cameroon,2018,5.251,8.19,0.677,52.7,0.816,0.036,0.884,0.642,0.356
Cameroon,2019,4.937,8.203,0.711,53.5,0.712,-0.008,0.817,0.629,0.326
Cameroon,2020,5.241,8.175,0.72,54.3,0.675,0.049,0.837,0.63,0.386
Canada,2005,7.418,10.652,0.962,71.3,0.957,0.256,0.503,0.839,0.233
Canada,2007,7.482,10.739,,71.66,0.93,0.249,0.406,0.872,0.257
Canada,2008,7.486,10.738,0.939,71.84,0.926,0.262,0.37,0.89,0.202
Canada,2009,7.488,10.697,0.943,72.02,0.915,0.246,0.413,0.867,0.248
Canada,2010,7.65,10.717,0.954,72.2,0.934,0.23,0.413,0.879,0.233
Canada,2011,7.426,10.738,0.922,72.36,0.951,0.253,0.433,0.881,0.248
Canada,2012,7.415,10.744,0.948,72.52,0.918,0.29,0.466,0.857,0.229
Canada,2013,7.594,10.757,0.936,72.68,0.916,0.316,0.406,0.851,0.263
Canada,2014,7.304,10.775,0.918,72.84,0.939,0.27,0.442,0.833,0.259
Canada,2015,7.413,10.774,0.939,73,0.931,0.253,0.427,0.845,0.286
Canada,2016,7.245,10.773,0.924,73.2,0.912,0.211,0.385,0.825,0.237
Canada,2017,7.415,10.792,0.934,73.4,0.945,0.163,0.362,0.863,0.218
Canada,2018,7.175,10.798,0.923,73.6,0.946,0.106,0.372,0.824,0.259
Canada,2019,7.109,10.8,0.925,73.8,0.912,0.112,0.436,0.822,0.285
Canada,2020,7.025,10.73,0.931,74,0.887,0.05,0.434,0.796,0.307
Central African Republic,2007,4.16,6.987,0.532,40.9,0.663,0.081,0.782,0.568,0.33
Central African Republic,2010,3.568,7.091,0.483,42.7,0.69,-0.036,0.845,0.523,0.257
Central African Republic,2011,3.678,7.125,0.387,43.08,0.78,-0.016,0.834,0.524,0.277
Central African Republic,2016,2.693,6.785,0.29,44.9,0.624,0.033,0.859,0.579,0.494
Central African Republic,2017,3.476,6.817,0.32,45.2,0.645,0.073,0.89,0.614,0.599
Chad,2006,3.435,7.36,0.724,43.18,0.306,0.028,0.961,0.58,0.263
Chad,2007,4.141,7.359,0.479,43.66,0.295,-0.011,0.874,0.614,0.245
Chad,2008,4.632,7.356,0.571,44.14,0.527,0.063,0.944,0.569,0.225
Chad,2009,3.639,7.364,0.646,44.62,0.401,0.021,0.931,0.557,0.221
Chad,2010,3.743,7.457,0.734,45.1,0.505,0.025,0.858,0.545,0.287
Chad,2011,4.393,7.425,0.819,45.42,0.54,0.031,0.876,0.591,0.289
Chad,2012,4.033,7.476,0.673,45.74,0.563,-0.034,0.884,0.527,0.316
Chad,2013,3.508,7.498,0.714,46.06,0.488,-0.045,0.882,0.462,0.314
Chad,2014,3.46,7.532,0.733,46.38,0.567,-0.07,0.881,0.536,0.329
Chad,2015,4.323,7.527,0.751,46.7,0.474,-0.029,0.889,0.607,0.358
Chad,2016,4.029,7.431,0.616,47.2,0.525,0.052,0.82,0.582,0.468
Chad,2017,4.559,7.37,0.661,47.7,0.615,0.008,0.792,0.628,0.538
Chad,2018,4.486,7.363,0.577,48.2,0.65,0.024,0.763,0.553,0.544
Chad,2019,4.251,7.365,0.64,48.7,0.537,0.055,0.832,0.587,0.46
Chile,2006,6.063,9.85,0.836,68.66,0.744,0.168,0.634,0.804,0.348
Chile,2007,5.698,9.887,0.815,68.72,0.662,0.244,0.723,0.767,0.342
Chile,2008,5.789,9.911,0.804,68.78,0.64,0.084,0.741,0.757,0.33
Chile,2009,6.494,9.885,0.832,68.84,0.747,0.149,0.734,0.808,0.3
Chile,2010,6.636,9.931,0.857,68.9,0.786,0.108,0.702,0.809,0.3
Chile,2011,6.526,9.98,0.819,69.04,0.701,0.112,0.753,0.804,0.317
Chile,2012,6.599,10.023,0.855,69.18,0.734,0.195,0.782,0.815,0.288
Chile,2013,6.74,10.053,0.862,69.32,0.737,0.085,0.741,0.855,0.285
Chile,2014,6.844,10.059,0.862,69.46,0.733,0.217,0.758,0.87,0.276
Chile,2015,6.533,10.07,0.827,69.6,0.769,0.041,0.812,0.803,0.333
Chile,2016,6.579,10.074,0.841,69.7,0.652,0.102,0.858,0.869,0.283
Chile,2017,6.32,10.072,0.88,69.8,0.79,-0.02,0.836,0.838,0.291
Chile,2018,6.436,10.097,0.89,69.9,0.789,-0.06,0.816,0.833,0.276
Chile,2019,5.942,10.095,0.869,70,0.659,-0.103,0.86,0.809,0.337
Chile,2020,6.151,10.02,0.888,70.1,0.781,0.033,0.812,0.815,0.336
China,2006,4.56,8.696,0.747,66.88,,,,0.809,0.17
China,2007,4.863,8.824,0.811,67.06,,-0.176,,0.817,0.159
China,2008,4.846,8.911,0.748,67.24,0.853,-0.092,,0.817,0.147
China,2009,4.454,8.996,0.798,67.42,0.771,-0.16,,0.786,0.162
China,2010,4.653,9.092,0.768,67.6,0.805,-0.133,,0.765,0.158
China,2011,5.037,9.179,0.787,67.76,0.824,-0.186,,0.82,0.134
China,2012,5.095,9.249,0.788,67.92,0.808,-0.185,,0.821,0.159
China,2013,5.241,9.319,0.778,68.08,0.805,-0.158,,0.836,0.142
China,2014,5.196,9.386,0.82,68.24,,-0.217,,0.854,0.112
China,2015,5.304,9.449,0.794,68.4,,-0.244,,0.809,0.171
China,2016,5.325,9.51,0.742,68.7,,-0.228,,0.826,0.146
China,2017,5.099,9.571,0.772,69,0.878,-0.175,,0.821,0.214
China,2018,5.131,9.632,0.788,69.3,0.895,-0.159,,0.856,0.19
China,2019,5.144,9.688,0.822,69.6,0.927,-0.173,,0.891,0.147
China,2020,5.771,9.702,0.808,69.9,0.891,-0.103,,0.789,0.245
Colombia,2006,6.025,9.277,0.91,65.22,0.805,-0.015,0.808,0.8,0.326
Colombia,2007,6.138,9.33,0.894,65.34,0.786,-0.04,0.86,0.808,0.287
Colombia,2008,6.168,9.351,0.88,65.46,0.795,-0.042,0.763,0.803,0.307
Colombia,2009,6.272,9.351,0.886,65.58,0.757,-0.055,0.837,0.843,0.273
Colombia,2010,6.408,9.384,0.893,65.7,0.816,-0.05,0.815,0.831,0.265
Colombia,2011,6.464,9.442,0.904,65.92,0.811,-0.073,0.847,0.832,0.286
Colombia,2012,6.375,9.471,0.914,66.14,0.828,-0.009,0.868,0.846,0.294
Colombia,2013,6.607,9.512,0.901,66.36,0.841,-0.071,0.898,0.851,0.278
Colombia,2014,6.449,9.546,0.907,66.58,0.801,-0.09,0.887,0.847,0.278
Colombia,2015,6.388,9.564,0.89,66.8,0.791,-0.1,0.843,0.839,0.292
Colombia,2016,6.234,9.571,0.882,67.1,0.835,-0.1,0.898,0.794,0.294
Colombia,2017,6.157,9.569,0.909,67.4,0.838,-0.157,0.875,0.837,0.299
Colombia,2018,5.984,9.579,0.871,67.7,0.851,-0.148,0.855,0.825,0.301
Colombia,2019,6.35,9.598,0.873,68,0.822,-0.172,0.854,0.822,0.322
Colombia,2020,5.709,9.495,0.797,68.3,0.84,-0.085,0.808,0.795,0.34
Comoros,2009,3.476,7.952,0.629,54.36,0.508,-0.074,0.838,0.672,0.167
Comoros,2010,3.812,7.965,0.721,54.7,0.529,0.005,0.741,0.728,0.178
Comoros,2011,3.838,7.981,0.722,55.02,0.5,-0.075,0.732,0.667,0.173
Comoros,2012,3.956,7.988,0.719,55.34,0.534,-0.121,0.651,0.612,0.212
Comoros,2018,3.973,8.028,0.621,57.2,0.56,0.086,0.794,0.748,0.337
Comoros,2019,4.609,8.033,0.632,57.5,0.538,0.077,0.762,0.736,0.336
Congo (Brazzaville),2008,3.82,8.082,0.555,52.2,0.526,-0.098,,0.573,0.298
Congo (Brazzaville),2011,4.51,8.18,0.637,54.58,0.745,-0.109,0.833,0.621,0.288
Congo (Brazzaville),2012,3.919,8.192,0.622,54.96,0.773,-0.112,0.8,0.564,0.323
Congo (Brazzaville),2013,3.955,8.201,0.68,55.34,0.726,-0.078,0.752,0.61,0.291
Congo (Brazzaville),2014,4.056,8.242,0.686,55.72,0.662,-0.11,0.808,0.595,0.4
Congo (Brazzaville),2015,4.691,8.243,0.642,56.1,0.85,-0.104,0.841,0.606,0.261
Congo (Brazzaville),2016,4.119,8.19,0.615,56.7,0.786,-0.072,0.79,0.61,0.304
Congo (Brazzaville),2017,4.884,8.146,0.655,57.3,0.778,-0.131,0.763,0.599,0.382
Congo (Brazzaville),2018,5.49,8.136,0.621,57.9,0.699,-0.092,0.738,0.588,0.448
Congo (Brazzaville),2019,5.213,8.101,0.625,58.5,0.686,-0.046,0.741,0.645,0.405
Congo (Kinshasa),2009,3.984,6.728,0.733,49.34,0.556,-0.022,0.824,0.491,0.283
Congo (Kinshasa),2011,4.517,6.797,0.744,50.34,0.631,-0.025,0.856,0.617,0.208
Congo (Kinshasa),2012,4.639,6.832,0.77,50.78,0.557,-0.035,0.807,0.634,0.23
Congo (Kinshasa),2013,4.497,6.88,0.83,51.22,0.48,0.012,0.913,0.589,0.187
Congo (Kinshasa),2014,4.414,6.937,0.822,51.66,0.556,0.009,0.814,0.559,0.305
Congo (Kinshasa),2015,3.903,6.971,0.767,52.1,0.574,-0.048,0.866,0.589,0.301
Congo (Kinshasa),2016,4.522,6.962,0.864,52.5,0.637,-0.024,0.875,0.646,0.222
Congo (Kinshasa),2017,4.311,6.966,0.67,52.9,0.704,0.068,0.809,0.551,0.404
Costa Rica,2006,7.082,9.565,0.937,69.94,0.882,0.06,0.798,0.868,0.236
Costa Rica,2007,7.432,9.63,0.918,69.88,0.923,0.098,0.82,0.875,0.24
Costa Rica,2008,6.851,9.662,0.916,69.82,0.912,0.096,0.816,0.844,0.233
Costa Rica,2009,7.615,9.639,0.9,69.76,0.886,0.065,0.787,0.876,0.217
Costa Rica,2010,7.271,9.675,0.915,69.7,0.881,0.047,0.763,0.886,0.221
Costa Rica,2011,7.229,9.705,0.892,69.9,0.926,-0.033,0.837,0.876,0.269
Costa Rica,2012,7.272,9.74,0.902,70.1,0.929,0.046,0.794,0.897,0.263
Costa Rica,2013,7.158,9.751,0.902,70.3,0.898,0.018,0.813,0.85,0.278
Costa Rica,2014,7.247,9.775,0.914,70.5,0.927,0.01,0.788,0.837,0.29
Costa Rica,2015,6.854,9.799,0.878,70.7,0.907,-0.059,0.761,0.85,0.286
Costa Rica,2016,7.136,9.83,0.901,70.9,0.873,-0.032,0.781,0.874,0.281
Costa Rica,2017,7.225,9.858,0.922,71.1,0.936,-0.076,0.742,0.874,0.275
Costa Rica,2018,7.141,9.874,0.876,71.3,0.942,-0.107,0.781,0.87,0.326
Costa Rica,2019,6.998,9.885,0.906,71.5,0.927,-0.146,0.836,0.848,0.303
Croatia,2007,5.821,10.162,0.91,67.12,0.662,-0.092,0.934,0.586,0.337
Croatia,2009,5.433,10.104,0.861,67.64,0.549,-0.271,0.958,0.637,0.272
Croatia,2010,5.596,10.091,0.796,67.9,0.564,-0.237,0.973,0.607,0.259
Croatia,2011,5.385,10.091,0.79,68,0.517,-0.198,0.977,0.598,0.273
Croatia,2012,6.028,10.072,0.776,68.1,0.542,-0.242,0.924,0.622,0.271
Croatia,2013,5.885,10.069,0.751,68.2,0.627,-0.204,0.936,0.59,0.285
Croatia,2014,5.381,10.072,0.646,68.3,0.519,0.132,0.918,0.596,0.286
Croatia,2015,5.205,10.104,0.768,68.4,0.694,-0.096,0.849,0.609,0.294
Croatia,2016,5.417,10.146,0.798,69,0.672,-0.065,0.884,0.614,0.337
Croatia,2017,5.343,10.189,0.77,69.6,0.716,-0.104,0.892,0.655,0.316
Croatia,2018,5.536,10.224,0.91,70.2,0.691,-0.151,0.925,0.582,0.29
Croatia,2019,5.626,10.258,0.936,70.8,0.739,-0.137,0.932,0.551,0.269
Croatia,2020,6.508,10.166,0.923,71.4,0.837,-0.063,0.961,0.743,0.286
Cuba,2006,5.418,,0.97,68.44,0.281,,,0.647,0.277
Cyprus,2006,6.238,10.566,0.878,71.44,0.836,0.018,0.712,0.829,0.253
Cyprus,2009,6.833,10.558,0.812,72.16,0.775,0.054,0.801,0.746,0.329
Cyprus,2010,6.387,10.551,0.822,72.4,0.755,0.073,0.833,0.786,0.296
Cyprus,2011,6.69,10.53,0.844,72.54,0.745,0.18,0.841,0.763,0.272
Cyprus,2012,6.181,10.479,0.767,72.68,0.725,0.098,0.871,0.755,0.369
Cyprus,2013,5.439,10.414,0.744,72.82,0.656,0.102,0.867,0.748,0.42
Cyprus,2014,5.627,10.406,0.77,72.96,0.715,0.06,0.868,0.737,0.397
Cyprus,2015,5.439,10.445,0.77,73.1,0.628,0.114,0.893,0.747,0.383
Cyprus,2016,5.795,10.506,0.786,73.3,0.756,-0.03,0.898,0.742,0.336
Cyprus,2017,6.062,10.539,0.819,73.5,0.812,0.043,0.851,0.784,0.301
Cyprus,2018,6.276,10.567,0.826,73.7,0.794,-0.022,0.848,0.75,0.298
Cyprus,2019,6.137,10.585,0.776,73.9,0.74,-0.008,0.865,0.763,0.29
Cyprus,2020,6.26,,0.806,74.1,0.763,,0.816,0.759,0.284
Czech Republic,2005,6.439,10.324,0.919,67,0.865,,0.901,0.723,0.258
Czech Republic,2007,6.5,10.437,0.9,67.44,0.799,-0.063,0.928,0.736,0.277
Czech Republic,2010,6.25,10.419,0.934,68.1,0.779,-0.042,0.926,0.641,0.244
Czech Republic,2011,6.331,10.435,0.914,68.24,0.787,-0.106,0.95,0.601,0.253
Czech Republic,2012,6.334,10.426,0.912,68.38,0.74,-0.154,0.957,0.609,0.257
Czech Republic,2013,6.698,10.42,0.888,68.52,0.726,-0.156,0.916,0.72,0.253
Czech Republic,2014,6.484,10.446,0.878,68.66,0.8,-0.168,0.897,0.678,0.235
Czech Republic,2015,6.608,10.496,0.911,68.8,0.808,-0.146,0.886,0.751,0.206
Czech Republic,2016,6.736,10.518,0.931,69.3,0.85,-0.197,0.9,0.756,0.201
Czech Republic,2017,6.79,10.558,0.901,69.8,0.832,-0.177,0.867,0.739,0.227
Czech Republic,2018,7.034,10.583,0.929,70.3,0.79,-0.292,0.851,0.714,0.178
Czech Republic,2020,6.897,10.53,0.964,71.3,0.906,-0.127,0.884,0.832,0.29
Denmark,2005,8.019,10.851,0.972,69.6,0.971,,0.237,0.86,0.154
Denmark,2007,7.834,10.891,0.954,69.92,0.932,0.24,0.206,0.828,0.194
Denmark,2008,7.971,10.88,0.954,70.08,0.97,0.272,0.248,0.757,0.163
Denmark,2009,7.683,10.824,0.939,70.24,0.949,0.264,0.206,0.749,0.234
Denmark,2010,7.771,10.839,0.975,70.4,0.944,0.242,0.175,0.785,0.155
Denmark,2011,7.788,10.848,0.962,70.62,0.935,0.298,0.22,0.769,0.175
Denmark,2012,7.52,10.846,0.951,70.84,0.933,0.139,0.187,0.774,0.209
Denmark,2013,7.589,10.851,0.965,71.06,0.92,0.215,0.17,0.862,0.195
Denmark,2014,7.508,10.862,0.956,71.28,0.942,0.118,0.237,0.832,0.233
Denmark,2015,7.514,10.878,0.96,71.5,0.941,0.222,0.191,0.829,0.218
Denmark,2016,7.558,10.903,0.954,71.8,0.948,0.138,0.21,0.836,0.208
Denmark,2017,7.594,10.916,0.952,72.1,0.955,0.155,0.181,0.824,0.206
Denmark,2018,7.649,10.935,0.958,72.4,0.935,0.018,0.151,0.821,0.206
Denmark,2019,7.693,10.954,0.958,72.7,0.963,0.02,0.174,0.862,0.181
Denmark,2020,7.515,10.91,0.947,73,0.938,0.052,0.214,0.818,0.227
Djibouti,2008,5.009,8.111,0.69,53.26,0.773,0.129,0.576,0.755,0.12
Djibouti,2009,4.906,7.927,0.901,53.78,0.649,0.005,0.634,0.662,0.232
Djibouti,2010,5.006,7.812,,54.3,0.764,-0.058,0.597,,
Djibouti,2011,4.369,7.88,0.633,54.7,0.746,-0.057,0.519,0.579,0.181
Dominican Republic,2006,5.088,9.314,0.919,62.68,0.858,0.038,0.755,0.748,0.274
Dominican Republic,2007,5.081,9.372,0.848,62.96,0.886,-0.008,0.772,0.767,0.26
Dominican Republic,2008,4.842,9.391,0.85,63.24,0.848,-0.045,0.728,0.732,0.329
Dominican Republic,2009,5.432,9.388,0.878,63.52,0.863,-0.053,0.806,0.785,0.28
Dominican Republic,2010,4.735,9.456,0.86,63.8,0.824,-0.075,0.78,0.787,0.282
Dominican Republic,2011,5.397,9.475,0.872,64.02,0.848,0.014,0.788,0.809,0.3
Dominican Republic,2012,4.753,9.489,0.879,64.24,0.84,-0.062,0.727,0.797,0.297
Dominican Republic,2013,5.016,9.525,0.878,64.46,0.889,0.021,0.752,0.793,0.295
Dominican Republic,2014,5.387,9.582,0.891,64.68,0.905,-0.02,0.76,0.798,0.3
Dominican Republic,2015,5.062,9.637,0.893,64.9,0.856,-0.065,0.755,0.714,0.295
Dominican Republic,2016,5.239,9.691,0.895,65.2,0.873,-0.08,0.737,0.76,0.278
Dominican Republic,2017,5.605,9.725,0.894,65.5,0.855,-0.121,0.76,0.739,0.275
Dominican Republic,2018,5.433,9.782,0.862,65.8,0.867,-0.15,0.762,0.745,0.291
Dominican Republic,2019,6.004,9.821,0.884,66.1,0.877,-0.123,0.746,0.784,0.264
Dominican Republic,2020,5.168,9.802,0.806,66.4,0.835,-0.128,0.636,0.734,0.314
Ecuador,2006,5.024,9.186,0.91,66.08,0.671,-0.091,0.901,0.825,0.357
Ecuador,2007,4.996,9.191,0.839,66.26,0.67,-0.063,0.83,0.833,0.286
Ecuador,2008,5.297,9.236,0.829,66.44,0.64,-0.094,0.801,0.843,0.283
Ecuador,2009,6.022,9.225,0.779,66.62,0.737,-0.108,0.774,0.84,0.256
Ecuador,2010,5.838,9.244,0.839,66.8,0.723,-0.063,0.806,0.826,0.22
Ecuador,2011,5.795,9.304,0.818,66.96,0.788,-0.155,0.702,0.862,0.271
Ecuador,2012,5.961,9.344,0.785,67.12,0.825,-0.084,0.73,0.847,0.333
Ecuador,2013,6.019,9.377,0.801,67.28,0.787,-0.191,0.646,0.851,0.267
Ecuador,2014,5.946,9.399,0.831,67.44,0.719,-0.167,0.661,0.859,0.306
Ecuador,2015,5.964,9.384,0.856,67.6,0.801,-0.114,0.666,0.851,0.323
Ecuador,2016,6.115,9.355,0.842,67.9,0.846,-0.015,0.774,0.846,0.365
Ecuador,2017,5.84,9.36,0.849,68.2,0.879,-0.167,0.734,0.829,0.314
Ecuador,2018,6.128,9.355,0.851,68.5,0.869,-0.099,0.831,0.876,0.328
Ecuador,2019,5.809,9.339,0.808,68.8,0.83,-0.115,0.839,0.811,0.374
Ecuador,2020,5.354,9.244,0.804,69.1,0.829,-0.157,0.855,0.79,0.416
Egypt,2005,5.168,9.036,0.848,59.7,0.817,,,0.735,0.346
Egypt,2007,5.541,9.135,0.686,59.82,0.609,-0.121,,0.665,0.355
Egypt,2008,4.632,9.186,0.738,59.88,,-0.087,0.914,0.683,0.301
Egypt,2009,5.066,9.213,0.744,59.94,0.611,-0.1,0.801,0.642,0.339
Egypt,2010,4.669,9.244,0.769,60,0.486,-0.076,0.826,0.567,0.276
Egypt,2011,4.174,9.24,0.753,60.16,0.59,-0.151,0.859,0.529,0.353
Egypt,2012,4.204,9.24,0.737,60.32,0.452,-0.138,0.88,0.527,0.398
Egypt,2013,3.559,9.239,0.675,60.48,0.474,-0.141,0.913,0.551,0.483
Egypt,2014,4.885,9.245,0.619,60.64,0.578,-0.126,0.749,0.543,0.327
Egypt,2015,4.763,9.266,0.73,60.8,0.659,-0.089,0.684,0.61,0.344
Egypt,2016,4.557,9.287,0.809,61.1,0.656,-0.141,0.818,0.611,0.37
Egypt,2017,3.929,9.307,0.638,61.4,0.593,-0.152,,0.539,0.414
Egypt,2018,4.005,9.338,0.759,61.7,0.682,-0.215,,0.492,0.285
Egypt,2019,4.328,9.373,0.772,62,0.774,-0.199,,0.517,0.313
Egypt,2020,4.472,9.383,0.673,62.3,0.77,-0.112,,0.599,0.442
El Salvador,2006,5.701,8.873,0.878,62.92,0.683,-0.056,0.807,0.864,0.233
El Salvador,2007,5.296,8.887,0.717,63.24,0.639,-0.015,0.785,0.869,0.22
El Salvador,2008,5.191,8.908,0.747,63.56,0.636,-0.078,0.735,0.842,0.232
El Salvador,2009,6.839,8.883,0.734,63.88,0.671,-0.103,0.648,0.85,0.243
El Salvador,2010,6.74,8.9,0.757,64.2,0.669,-0.064,0.694,0.814,0.302
El Salvador,2011,4.741,8.933,0.731,64.4,0.747,-0.126,0.707,0.875,0.336
El Salvador,2012,5.934,8.956,0.806,64.6,0.683,-0.155,0.786,0.831,0.365
El Salvador,2013,6.325,8.974,0.827,64.8,0.716,-0.15,0.772,0.828,0.317
El Salvador,2014,5.857,8.986,0.798,65,0.778,-0.194,0.781,0.837,0.33
El Salvador,2015,6.018,9.005,0.791,65.2,0.733,-0.156,0.805,0.826,0.333
El Salvador,2016,6.14,9.025,0.794,65.5,0.8,-0.185,0.797,0.761,0.346
El Salvador,2017,6.339,9.042,0.829,65.8,0.758,-0.172,0.778,0.849,0.268
El Salvador,2018,6.241,9.061,0.82,66.1,0.863,-0.095,0.801,0.86,0.27
El Salvador,2019,6.455,9.08,0.764,66.4,0.877,-0.109,0.682,0.871,0.271
El Salvador,2020,5.462,9.019,0.696,66.7,0.924,-0.126,0.583,0.839,0.329
Estonia,2006,5.371,10.27,0.91,64.86,0.749,-0.264,0.797,0.655,0.215
Estonia,2007,5.332,10.347,0.896,65.32,0.712,-0.246,0.743,0.666,0.176
Estonia,2008,5.452,10.298,0.904,65.78,0.642,-0.217,0.663,0.597,0.218
Estonia,2009,5.138,10.144,0.874,66.24,0.611,-0.23,0.793,0.598,0.243
Estonia,2011,5.487,10.248,0.909,66.96,0.735,-0.168,0.687,0.651,0.205
Estonia,2012,5.364,10.282,0.889,67.22,0.697,-0.192,0.793,0.647,0.199
Estonia,2013,5.367,10.299,0.901,67.48,0.754,-0.201,0.726,0.702,0.199
Estonia,2014,5.556,10.331,0.917,67.74,0.773,-0.153,0.652,0.68,0.203
Estonia,2015,5.629,10.348,0.918,68,0.815,-0.164,0.569,0.723,0.183
Estonia,2016,5.65,10.374,0.938,68.2,0.843,-0.149,0.639,0.726,0.177
Estonia,2017,5.938,10.429,0.936,68.4,0.862,-0.101,0.668,0.805,0.16
Estonia,2018,6.091,10.472,0.933,68.6,0.886,-0.141,0.621,0.795,0.163
Estonia,2019,6.035,10.511,0.934,68.8,0.887,-0.096,0.576,0.804,0.156
Estonia,2020,6.453,10.459,0.958,69,0.954,-0.082,0.398,0.807,0.188
Ethiopia,2012,4.561,7.271,0.659,55.2,0.776,-0.044,,0.668,0.137
Ethiopia,2013,4.445,7.343,0.602,55.8,0.707,-0.008,0.75,0.643,0.213
Ethiopia,2014,4.507,7.413,0.64,56.4,0.694,0.08,0.702,0.738,0.303
Ethiopia,2015,4.573,7.484,0.626,57,0.803,0.113,0.567,0.714,0.237
Ethiopia,2016,4.298,7.547,0.719,57.5,0.744,0.038,0.703,0.727,0.254
Ethiopia,2017,4.18,7.612,0.734,58,0.717,0.001,0.757,0.609,0.304
Ethiopia,2018,4.379,7.651,0.74,58.5,0.74,0.039,0.799,0.66,0.272
Ethiopia,2019,4.1,7.705,0.748,59,0.754,0.053,0.732,0.631,0.283
Ethiopia,2020,4.549,7.711,0.823,59.5,0.769,0.188,0.784,0.669,0.252
Finland,2006,7.672,10.745,0.965,69.76,0.969,-0.005,0.132,0.722,0.172
Finland,2008,7.671,10.796,0.951,70.08,0.934,0.028,0.217,0.773,0.144
Finland,2010,7.393,10.734,0.935,70.4,0.916,0.091,0.413,0.832,0.202
Finland,2011,7.354,10.754,0.938,70.64,0.936,0.101,0.32,0.773,0.205
Finland,2012,7.42,10.735,0.928,70.88,0.921,-0.001,0.361,0.796,0.202
Finland,2013,7.445,10.722,0.941,71.12,0.919,0.04,0.306,0.769,0.195
Finland,2014,7.385,10.714,0.952,71.36,0.933,-0.001,0.265,0.784,0.199
Finland,2015,7.448,10.716,0.948,71.6,0.93,0.111,0.223,0.751,0.191
Finland,2016,7.66,10.74,0.954,71.7,0.948,-0.027,0.25,0.797,0.182
Finland,2017,7.788,10.768,0.964,71.8,0.962,-0.002,0.192,0.787,0.176
Finland,2018,7.858,10.783,0.962,71.9,0.938,-0.127,0.199,0.782,0.182
Finland,2019,7.78,10.792,0.937,72,0.948,-0.052,0.195,0.755,0.181
Finland,2020,7.889,10.75,0.962,72.1,0.962,-0.116,0.164,0.744,0.193
France,2005,7.093,10.642,0.94,71.3,0.895,,0.688,0.769,0.225
France,2006,6.583,10.659,0.944,71.48,0.789,0.126,0.699,0.777,0.289
France,2008,7.008,10.674,0.935,71.84,0.833,-0.031,0.669,0.746,0.281
France,2009,6.283,10.639,0.918,72.02,0.798,-0.082,0.654,0.763,0.303
France,2010,6.798,10.654,0.943,72.2,0.85,-0.104,0.623,0.79,0.261
France,2011,6.959,10.671,0.921,72.4,0.903,-0.102,0.627,0.781,0.281
France,2012,6.649,10.669,0.937,72.6,0.841,-0.149,0.608,0.754,0.253
France,2013,6.667,10.669,0.908,72.8,0.878,-0.125,0.699,0.8,0.205
France,2014,6.467,10.674,0.878,73,0.803,-0.118,0.656,0.811,0.216
France,2015,6.358,10.682,0.896,73.2,0.817,-0.139,0.641,0.786,0.215
France,2016,6.475,10.69,0.885,73.4,0.787,-0.091,0.623,0.773,0.27
France,2017,6.635,10.711,0.931,73.6,0.834,-0.123,0.601,0.762,0.242
France,2018,6.666,10.727,0.921,73.8,0.816,-0.138,0.582,0.767,0.282
France,2019,6.69,10.74,0.958,74,0.827,-0.133,0.568,0.735,0.25
France,2020,6.714,10.643,0.947,74.2,0.823,-0.169,0.565,0.732,0.231
Gabon,2011,4.255,9.608,0.653,55.48,0.772,-0.211,0.851,0.591,0.264
Gabon,2012,3.972,9.621,0.736,56.16,0.566,-0.195,0.81,0.47,0.266
Gabon,2013,3.8,9.638,0.733,56.84,0.682,-0.146,0.78,0.51,0.287
Gabon,2014,3.918,9.644,0.829,57.52,0.607,-0.198,0.782,0.539,0.293
Gabon,2015,4.661,9.649,0.756,58.2,0.671,-0.194,0.867,0.626,0.372
Gabon,2016,4.832,9.639,0.78,58.7,0.699,-0.204,0.817,0.64,0.432
Gabon,2017,4.782,9.616,0.807,59.2,0.652,-0.228,0.868,0.634,0.446
Gabon,2018,4.783,9.599,0.785,59.7,0.719,-0.197,0.823,0.641,0.418
Gabon,2019,4.914,9.607,0.763,60.2,0.736,-0.203,0.846,0.693,0.413
Gambia,2017,4.118,7.637,0.697,54.7,0.812,0.111,0.572,0.838,0.277
Gambia,2018,4.922,7.671,0.685,55,0.719,0.44,0.691,0.804,0.379
Gambia,2019,5.164,7.699,0.694,55.3,0.677,0.41,0.798,0.773,0.401
Georgia,2006,3.675,8.993,0.647,65.12,0.553,-0.267,0.752,0.433,0.269
Georgia,2007,3.707,9.117,0.548,65.04,0.464,-0.267,0.697,0.427,0.236
Georgia,2008,4.156,9.144,0.608,64.96,0.614,-0.224,0.498,0.441,0.262
Georgia,2009,3.801,9.116,0.544,64.88,0.495,-0.233,0.535,0.492,0.242
Georgia,2010,4.102,9.184,0.54,64.8,0.558,-0.248,0.46,0.502,0.243
Georgia,2011,4.203,9.263,0.503,64.86,0.632,-0.255,0.353,0.515,0.247
Georgia,2012,4.254,9.332,0.533,64.92,0.659,-0.269,0.321,0.559,0.25
Georgia,2013,4.349,9.371,0.559,64.98,0.722,-0.254,0.349,0.595,0.2
Georgia,2014,4.288,9.414,0.558,65.04,0.72,-0.233,0.416,0.57,0.204
Georgia,2015,4.122,9.442,0.517,65.1,0.64,-0.205,0.502,0.547,0.233
Georgia,2016,4.448,9.47,0.533,64.9,0.606,-0.249,0.561,0.564,0.223
Georgia,2017,4.451,9.517,0.59,64.7,0.821,-0.244,0.59,0.581,0.21
Georgia,2018,4.659,9.565,0.617,64.5,0.775,-0.233,0.755,0.573,0.244
Georgia,2019,4.892,9.617,0.675,64.3,0.811,-0.26,0.647,0.604,0.244
Georgia,2020,5.123,9.569,0.718,64.1,0.764,-0.221,0.583,0.611,0.295
Germany,2005,6.62,10.689,0.963,70.2,0.847,,0.781,0.776,0.197
Germany,2007,6.417,10.759,0.926,70.48,0.801,0.167,0.792,0.732,0.231
Germany,2008,6.522,10.77,0.923,70.62,0.766,,0.758,0.787,0.22
Germany,2009,6.641,10.714,0.935,70.76,0.844,0.127,0.69,0.792,0.206
Germany,2010,6.725,10.756,0.939,70.9,0.843,0.095,0.688,0.794,0.182
Germany,2011,6.621,10.813,0.947,70.98,0.906,0.033,0.677,0.794,0.165
Germany,2012,6.702,10.816,0.926,71.06,0.904,0.071,0.679,0.804,0.17
Germany,2013,6.965,10.817,0.931,71.14,0.894,0.024,0.566,0.743,0.205
Germany,2014,6.984,10.835,0.938,71.22,0.899,0.088,0.474,0.785,0.188
Germany,2015,7.037,10.844,0.926,71.3,0.889,0.178,0.412,0.765,0.203
Germany,2016,6.874,10.858,0.906,71.6,0.871,0.148,0.446,0.738,0.187
Germany,2017,7.074,10.878,0.892,71.9,0.841,0.145,0.414,0.737,0.196
Germany,2018,7.118,10.89,0.92,72.2,0.877,0.034,0.496,0.78,0.243
Germany,2019,7.035,10.893,0.886,72.5,0.885,0.057,0.462,0.751,0.226
Germany,2020,7.312,10.833,0.905,72.8,0.864,-0.06,0.424,0.76,0.206
Ghana,2006,4.535,8.073,0.728,52.34,0.849,0.213,0.814,0.671,0.198
Ghana,2007,5.22,8.09,0.73,52.78,0.891,0.138,0.771,0.686,0.217
Ghana,2008,4.965,8.152,0.622,53.22,0.838,0.12,0.863,0.717,0.172
Ghana,2009,4.198,8.174,0.633,53.66,0.757,0.005,0.89,0.774,0.198
Ghana,2010,4.606,8.225,0.739,54.1,0.891,0.074,0.875,0.783,0.184
Ghana,2011,5.608,8.332,0.724,54.48,0.852,0.011,0.79,0.744,0.209
Ghana,2012,5.057,8.397,0.685,54.86,0.679,0.04,0.898,0.76,0.152
Ghana,2013,4.965,8.445,0.676,55.24,0.794,-0.065,0.88,0.691,0.211
Ghana,2014,3.86,8.45,0.651,55.62,0.677,0.001,0.913,0.696,0.28
Ghana,2015,3.986,8.449,0.687,56,0.852,-0.038,0.945,0.69,0.265
Ghana,2016,4.514,8.46,0.647,56.4,0.751,0.09,0.894,0.668,0.305
Ghana,2017,5.481,8.517,0.669,56.8,0.783,0.079,0.839,0.703,0.248
Ghana,2018,5.004,8.555,0.761,57.2,0.817,0.062,0.846,0.747,0.25
Ghana,2019,4.967,8.596,0.746,57.6,0.787,0.116,0.857,0.682,0.27
Ghana,2020,5.319,8.59,0.643,58,0.824,0.2,0.847,0.713,0.253
Greece,2005,6.006,10.462,0.837,70.5,0.734,,0.861,0.692,0.264
Greece,2007,6.647,10.543,0.808,70.9,0.575,-0.19,0.845,0.738,0.222
Greece,2009,6.039,10.491,0.793,71.3,0.443,-0.293,0.959,0.649,0.254
Greece,2010,5.84,10.433,0.868,71.5,0.484,-0.303,0.954,0.634,0.292
Greece,2011,5.372,10.339,0.852,71.56,0.528,-0.316,0.941,0.591,0.323
Greece,2012,5.096,10.268,0.812,71.62,0.373,-0.305,0.959,0.581,0.352
Greece,2013,4.72,10.243,0.687,71.68,0.426,-0.272,0.941,0.689,0.482
Greece,2014,4.756,10.257,0.832,71.74,0.369,-0.288,0.93,0.695,0.385
Greece,2015,5.623,10.259,0.835,71.8,0.532,-0.272,0.824,0.74,0.277
Greece,2016,5.303,10.261,0.803,72,0.482,-0.26,0.898,0.701,0.336
Greece,2017,5.148,10.278,0.753,72.2,0.438,-0.29,0.872,0.603,0.333
Greece,2018,5.409,10.299,0.794,72.4,0.564,-0.335,0.86,0.666,0.255
Greece,2019,5.952,10.319,0.891,72.6,0.614,-0.289,0.848,0.668,0.236
Greece,2020,5.788,10.215,0.779,72.8,0.565,-0.241,0.764,0.684,0.322
Guatemala,2006,5.901,8.85,0.83,60.74,0.663,0.172,0.706,0.818,0.287
Guatemala,2007,6.33,8.891,0.866,61.08,0.628,0.136,0.81,0.819,0.224
Guatemala,2008,6.414,8.904,0.866,61.42,0.63,0.206,0.796,0.834,0.234
Guatemala,2009,6.452,8.891,0.834,61.76,0.643,0.197,0.755,0.829,0.24
Guatemala,2010,6.29,8.901,0.859,62.1,0.696,0.166,0.795,0.85,0.236
Guatemala,2011,5.743,8.923,0.768,62.46,0.763,0.009,0.863,0.844,0.289
Guatemala,2012,5.856,8.935,0.802,62.82,0.865,0.02,0.821,0.863,0.349
Guatemala,2013,5.985,8.953,0.83,63.18,0.884,0.045,0.817,0.867,0.333
Guatemala,2014,6.536,8.98,0.834,63.54,0.843,0.108,0.804,0.835,0.305
Guatemala,2015,6.465,9.003,0.823,63.9,0.869,0.051,0.822,0.851,0.311
Guatemala,2016,6.359,9.013,0.811,64.2,0.863,0.011,0.812,0.846,0.321
Guatemala,2017,6.325,9.026,0.826,64.5,0.915,-0.059,0.8,0.846,0.308
Guatemala,2018,6.627,9.042,0.841,64.8,0.91,-0.01,0.765,0.871,0.262
Guatemala,2019,6.262,9.064,0.774,65.1,0.901,-0.062,0.773,0.859,0.311
Guinea,2011,4.045,7.567,0.598,50.22,0.797,0.041,0.743,0.701,0.26
Guinea,2012,3.652,7.603,0.542,50.44,0.646,0.001,0.794,0.677,0.285
Guinea,2013,3.902,7.619,0.567,50.66,0.693,0.091,0.815,0.6,0.348
Guinea,2014,3.412,7.632,0.638,50.88,0.684,0.006,0.705,0.629,0.351
Guinea,2015,3.505,7.645,0.579,51.1,0.666,0.007,0.762,0.667,0.268
Guinea,2016,3.603,7.721,0.675,52.2,0.726,-0.056,0.803,0.687,0.374
Guinea,2017,4.874,7.792,0.634,53.3,0.738,0.038,0.75,0.704,0.422
Guinea,2018,5.252,7.823,0.63,54.4,0.731,0.092,0.778,0.744,0.44
Guinea,2019,4.768,7.849,0.655,55.5,0.691,0.097,0.756,0.685,0.473
Guyana,2007,5.993,8.773,0.849,57.26,0.694,0.11,0.836,0.768,0.296
Haiti,2006,3.754,7.407,0.694,48.46,0.449,0.401,0.854,0.613,0.332
Haiti,2008,3.846,7.417,0.679,40.38,0.465,0.261,0.812,0.608,0.256
Haiti,2010,3.766,7.384,0.554,32.3,0.373,0.216,0.848,0.555,0.293
Haiti,2011,4.845,7.423,0.567,36.86,0.413,0.243,0.682,0.625,0.245
Haiti,2012,4.413,7.437,0.749,41.42,0.482,0.289,0.717,0.593,0.284
Haiti,2013,4.622,7.464,0.648,45.98,0.61,0.289,0.669,0.538,0.327
Haiti,2014,3.889,7.477,0.554,50.54,0.509,0.285,0.708,0.593,0.327
Haiti,2015,3.57,7.476,0.564,55.1,0.398,0.306,0.777,0.619,0.333
Haiti,2016,3.352,7.477,0.584,55.3,0.304,0.291,0.839,0.553,0.367
Haiti,2017,3.824,7.475,0.647,55.5,0.484,0.381,0.647,0.573,0.322
Haiti,2018,3.615,7.477,0.538,55.7,0.591,0.422,0.72,0.584,0.359
Honduras,2006,5.397,8.462,0.933,64.54,0.65,0.089,0.844,0.858,0.155
Honduras,2007,5.097,8.5,0.819,64.78,0.676,0.23,0.826,0.759,0.199
Honduras,2008,5.42,8.52,0.828,65.02,0.687,0.223,0.863,0.789,0.206
Honduras,2009,6.033,8.474,0.824,65.26,0.661,0.119,0.857,0.803,0.261
Honduras,2010,5.866,8.49,0.803,65.5,0.646,0.105,0.82,0.797,0.26
Honduras,2011,4.961,8.508,0.766,65.72,0.783,0.095,0.884,0.816,0.307
Honduras,2012,4.602,8.53,0.779,65.94,0.7,-0.003,0.871,0.847,0.294
Honduras,2013,4.713,8.54,0.792,66.16,0.698,-0.027,0.868,0.817,0.283
Honduras,2014,5.056,8.552,0.79,66.38,0.696,0.015,0.834,0.82,0.299
Honduras,2015,4.845,8.572,0.772,66.6,0.534,-0.097,0.848,0.863,0.311
Honduras,2016,5.648,8.593,0.774,66.8,0.85,0.08,0.793,0.832,0.297
Honduras,2017,6.02,8.624,0.843,67,0.898,0.072,0.783,0.842,0.248
Honduras,2018,5.908,8.643,0.827,67.2,0.872,0.099,0.804,0.872,0.287
Honduras,2019,5.93,8.653,0.797,67.4,0.846,0.063,0.815,0.85,0.279
Hong Kong S.A.R. of China,2006,5.511,10.746,0.812,,0.91,0.156,0.356,0.723,0.236
Hong Kong S.A.R. of China,2008,5.137,10.816,0.84,,0.922,0.296,0.274,0.719,0.237
Hong Kong S.A.R. of China,2009,5.397,10.788,0.835,,0.918,0.308,0.272,0.762,0.21
Hong Kong S.A.R. of China,2010,5.643,10.847,0.857,,0.89,0.332,0.256,0.71,0.183
Hong Kong S.A.R. of China,2011,5.474,10.887,0.846,,0.894,0.235,0.245,0.734,0.196
Hong Kong S.A.R. of China,2012,5.484,10.893,0.826,,0.88,0.222,0.38,0.715,0.183
Hong Kong S.A.R. of China,2014,5.458,10.94,0.834,,0.843,0.224,0.423,0.684,0.243
Hong Kong S.A.R. of China,2016,5.498,10.97,0.832,,0.8,0.1,0.403,0.664,0.213
Hong Kong S.A.R. of China,2017,5.362,11,0.831,,0.831,0.14,0.416,0.64,0.201
Hong Kong S.A.R. of China,2019,5.659,11,0.856,,0.727,0.067,0.432,0.599,0.358
Hong Kong S.A.R. of China,2020,5.295,,0.813,,0.705,,0.38,0.609,0.21
Hungary,2005,5.194,10.108,0.93,64.6,0.697,,0.903,0.675,0.29
Hungary,2007,4.954,10.153,0.931,65,0.538,-0.161,0.895,0.701,0.23
Hungary,2009,4.895,10.097,0.901,65.4,0.464,-0.125,0.915,0.664,0.228
Hungary,2010,4.725,10.106,0.896,65.6,0.514,-0.145,0.983,0.656,0.235
Hungary,2011,4.918,10.127,0.894,65.76,0.631,-0.089,0.94,0.642,0.305
Hungary,2012,4.683,10.117,0.906,65.92,0.569,-0.136,0.93,0.652,0.315
Hungary,2013,4.914,10.14,0.877,66.08,0.674,-0.113,0.912,0.706,0.307
Hungary,2014,5.181,10.183,0.845,66.24,0.494,-0.15,0.855,0.651,0.238
Hungary,2015,5.344,10.223,0.859,66.4,0.558,-0.198,0.908,0.707,0.245
Hungary,2016,5.449,10.248,0.9,66.8,0.554,-0.187,0.924,0.666,0.243
Hungary,2017,6.065,10.293,0.877,67.2,0.661,-0.139,0.886,0.735,0.181
Hungary,2018,5.936,10.344,0.941,67.6,0.693,-0.243,0.911,0.676,0.201
Hungary,2019,6,10.393,0.947,68,0.798,-0.195,0.884,0.743,0.18
Hungary,2020,6.038,10.335,0.943,68.4,0.771,-0.12,0.836,0.735,0.24
Iceland,2008,6.888,10.861,0.977,72.32,0.885,0.272,0.708,0.88,0.153
Iceland,2012,7.591,10.777,0.979,72.76,0.905,0.241,0.759,0.9,0.157
Iceland,2013,7.501,10.809,0.967,72.84,0.923,0.306,0.713,0.87,0.156
Iceland,2015,7.498,10.854,0.98,73,0.94,0.301,0.639,0.849,0.18
Iceland,2016,7.51,10.904,0.985,73,0.952,0.281,0.719,0.874,0.158
Iceland,2017,7.476,10.925,0.967,73,0.939,0.246,0.727,0.895,0.148
Iceland,2019,7.533,10.931,0.982,73,0.959,,0.699,0.836,0.178
Iceland,2020,7.575,10.824,0.983,73,0.949,0.16,0.644,0.863,0.172
India,2006,5.348,8.145,0.707,55.72,0.774,,0.855,0.687,0.199
India,2007,5.027,8.204,0.569,56.14,0.729,-0.051,0.862,0.668,0.253
India,2008,5.146,8.22,0.684,56.56,0.756,-0.072,0.891,0.674,0.259
India,2009,4.522,8.281,0.653,56.98,0.679,-0.026,0.895,0.771,0.301
India,2010,4.989,8.349,0.605,57.4,0.783,0.058,0.863,0.697,0.267
India,2011,4.635,8.387,0.553,57.7,0.838,-0.038,0.908,0.648,0.232
India,2012,4.72,8.428,0.511,58,0.609,0.067,0.83,0.629,0.295
India,2013,4.428,8.478,0.553,58.3,0.74,0.084,0.832,0.68,0.33
India,2014,4.424,8.538,0.621,58.6,0.809,-0.026,0.832,0.711,0.285
India,2015,4.342,8.604,0.61,58.9,0.777,-0.005,0.776,0.701,0.322
India,2016,4.179,8.673,0.614,59.3,0.82,0.046,0.765,0.695,0.346
India,2017,4.046,8.73,0.607,59.7,0.886,-0.042,0.781,0.682,0.318
India,2018,3.818,8.779,0.638,60.1,0.89,0.085,0.805,0.657,0.357
India,2019,3.249,8.818,0.561,60.5,0.876,0.112,0.752,0.648,0.466
India,2020,4.225,8.703,0.617,60.9,0.906,0.075,0.78,0.752,0.383
Indonesia,2006,4.947,8.85,0.771,59.84,0.713,0.347,0.915,0.825,0.266
Indonesia,2007,5.101,8.898,0.704,59.98,0.603,0.311,0.96,0.812,0.242
Indonesia,2008,4.815,8.943,0.675,60.12,0.596,0.164,0.968,0.774,0.239
Indonesia,2009,5.472,8.975,0.779,60.26,0.784,0.191,0.911,0.865,0.193
Indonesia,2010,5.457,9.022,0.816,60.4,0.7,0.448,0.954,0.837,0.218
Indonesia,2011,5.173,9.069,0.825,60.62,0.878,0.438,0.962,0.864,0.273
Indonesia,2012,5.368,9.114,0.834,60.84,0.77,0.354,0.962,0.897,0.229
Indonesia,2013,5.292,9.155,0.794,61.06,0.781,0.376,0.973,0.893,0.249
Indonesia,2014,5.597,9.19,0.905,61.28,0.719,0.408,0.97,0.852,0.242
Indonesia,2015,5.043,9.225,0.809,61.5,0.779,0.471,0.946,0.876,0.274
Indonesia,2016,5.136,9.262,0.792,61.7,0.83,0.5,0.89,0.833,0.342
Indonesia,2017,5.098,9.3,0.796,61.9,0.865,0.488,0.9,0.863,0.319
Indonesia,2018,5.34,9.339,0.809,62.1,0.879,0.512,0.868,0.864,0.296
Indonesia,2019,5.347,9.377,0.802,62.3,0.866,0.555,0.861,0.877,0.302
Iran,2005,5.308,9.393,0.766,62,0.651,,0.636,0.608,0.456
Iran,2007,5.336,9.497,0.718,62.76,0.533,0.056,0.872,0.626,0.361
Iran,2008,5.129,9.489,0.633,63.14,0.601,0.052,0.868,0.624,0.345
Iran,2011,4.768,9.547,0.582,64.14,0.798,0.2,0.665,0.578,0.359
Iran,2012,4.609,9.458,0.6,64.38,0.764,,0.678,0.609,0.525
Iran,2013,5.14,9.443,0.664,64.62,0.73,0.216,0.685,0.659,0.552
Iran,2014,4.682,9.476,0.644,64.86,0.767,0.241,0.64,0.618,0.512
Iran,2015,4.75,9.449,0.572,65.1,0.78,0.176,0.699,0.645,0.52
Iran,2016,4.653,9.561,0.566,65.4,0.773,0.186,0.713,0.687,0.526
Iran,2017,4.717,9.584,0.714,65.7,0.731,0.218,0.715,0.694,0.439
Iran,2018,4.278,,0.674,66,0.603,,0.703,0.553,0.493
Iran,2019,5.006,,0.698,66.3,0.623,,0.728,0.6,0.449
Iran,2020,4.865,,0.757,66.6,0.6,,0.71,0.582,0.47
Iraq,2008,4.59,9.063,0.744,58.32,0.386,-0.061,0.91,0.525,0.448
Iraq,2009,4.775,9.076,0.862,58.96,0.431,-0.199,0.854,0.523,0.404
Iraq,2010,5.065,9.112,0.854,59.6,0.419,-0.125,0.859,0.542,0.431
Iraq,2011,4.725,9.152,0.751,59.36,0.347,-0.07,0.78,0.488,0.557
Iraq,2012,4.66,9.246,0.73,59.12,0.315,-0.02,0.789,0.423,0.449
Iraq,2013,4.725,9.28,0.728,58.88,,-0.05,0.71,,0.554
Iraq,2014,4.542,9.25,0.725,58.64,0.646,-0.001,0.726,0.574,0.564
Iraq,2015,4.493,9.241,0.684,58.4,0.599,0.019,0.762,0.49,0.581
Iraq,2016,4.413,9.354,0.719,59,0.666,-0.052,0.799,0.489,0.57
Iraq,2017,4.462,9.303,0.695,59.6,0.628,0,0.757,0.505,0.591
Iraq,2018,4.886,9.274,0.764,60.2,0.598,-0.068,0.887,0.605,0.482
Iraq,2020,4.785,9.167,0.708,61.4,0.7,-0.021,0.849,0.644,0.532
Ireland,2006,7.144,10.972,0.967,70.14,0.943,0.242,0.473,0.878,0.209
Ireland,2008,7.568,10.929,0.983,70.82,0.894,0.322,0.487,0.875,0.148
Ireland,2009,7.046,10.866,0.959,71.16,0.835,0.315,0.58,0.862,0.233
Ireland,2010,7.257,10.879,0.973,71.5,0.856,0.348,0.618,0.876,0.201
Ireland,2011,7.007,10.878,0.977,71.6,0.952,0.383,0.59,0.865,0.19
Ireland,2012,6.965,10.876,0.962,71.7,0.902,0.302,0.573,0.835,0.237
Ireland,2013,6.76,10.884,0.955,71.8,0.884,0.331,0.558,0.814,0.245
Ireland,2014,7.018,10.959,0.968,71.9,0.922,0.264,0.406,0.784,0.229
Ireland,2015,6.83,11.174,0.953,72,0.892,0.233,0.409,0.799,0.225
Ireland,2016,7.041,11.199,0.958,72.1,0.875,0.174,0.399,0.809,0.211
Ireland,2017,7.06,11.266,0.943,72.2,0.905,0.216,0.337,0.833,0.213
Ireland,2018,6.962,11.332,0.938,72.3,0.861,0.144,0.362,0.811,0.213
Ireland,2019,7.255,11.371,0.944,72.4,0.892,0.074,0.373,0.807,0.223
Ireland,2020,7.035,11.323,0.96,72.5,0.882,0.014,0.356,0.797,0.246
Israel,2006,7.173,10.389,0.927,71.12,0.817,,0.905,0.696,0.308
Israel,2007,6.841,10.428,0.868,71.44,0.683,0.219,0.868,0.696,0.32
Israel,2008,7.261,10.44,0.859,71.76,0.663,0.139,0.898,0.71,0.349
Israel,2009,7.353,10.425,0.937,72.08,0.593,0.172,0.923,0.695,0.327
Israel,2010,7.359,10.461,0.882,72.4,0.561,0.15,0.902,0.679,0.362
Israel,2011,7.433,10.489,0.893,72.46,0.722,0.141,0.891,0.738,0.384
Israel,2012,7.111,10.493,0.903,72.52,0.681,0.153,0.862,0.665,0.319
Israel,2013,7.321,10.515,0.909,72.58,0.739,0.15,0.849,0.698,0.409
Israel,2014,7.401,10.533,0.889,72.64,0.707,0.094,0.818,0.604,0.271
Israel,2015,7.079,10.536,0.864,72.7,0.753,0.108,0.789,0.697,0.256
Israel,2016,7.159,10.555,0.89,72.9,0.772,0.153,0.804,0.629,0.263
Israel,2017,7.331,10.57,0.916,73.1,0.768,0.145,0.793,0.674,0.276
Israel,2018,6.927,10.585,0.91,73.3,0.725,0.055,0.77,0.663,0.282
Israel,2019,7.332,10.601,0.946,73.5,0.834,0.085,0.743,0.635,0.266
Israel,2020,7.195,10.538,0.959,73.7,0.831,-0.049,0.748,0.621,0.243
Italy,2005,6.854,10.703,0.928,71.9,0.802,,0.944,0.679,0.295
Italy,2007,6.574,10.727,0.912,72.26,0.684,0.113,0.922,0.716,0.303
Italy,2008,6.78,10.711,0.88,72.44,0.543,0.049,0.946,0.637,0.268
Italy,2009,6.334,10.652,0.88,72.62,0.701,0.24,0.89,0.775,0.279
Italy,2010,6.354,10.666,0.872,72.8,0.738,-0.06,0.921,0.596,0.236
Italy,2011,6.057,10.671,0.913,72.84,0.568,-0.018,0.933,0.658,0.266
Italy,2012,5.839,10.638,0.869,72.88,0.57,0.113,0.908,0.67,0.388
Italy,2013,6.009,10.608,0.916,72.92,0.499,-0.102,0.943,0.779,0.357
Italy,2014,6.027,10.599,0.898,72.96,0.624,-0.065,0.92,0.716,0.356
Italy,2015,5.848,10.608,0.909,73,0.575,-0.064,0.913,0.692,0.329
Italy,2016,5.955,10.622,0.927,73.2,0.624,-0.081,0.903,0.685,0.339
Italy,2017,6.199,10.64,0.92,73.4,0.633,-0.035,0.867,0.661,0.323
Italy,2018,6.517,10.65,0.913,73.6,0.65,-0.021,0.888,0.649,0.403
Italy,2019,6.445,10.655,0.838,73.8,0.709,-0.082,0.866,0.631,0.328
Italy,2020,6.488,10.563,0.89,74,0.718,-0.15,0.844,0.67,0.311
Ivory Coast,2009,4.197,8.209,0.667,45.78,0.76,-0.153,0.902,0.604,0.186
Ivory Coast,2013,3.739,8.274,0.709,47.1,0.739,-0.031,0.691,0.743,0.306
Ivory Coast,2014,3.57,8.334,0.711,47.4,0.781,-0.08,0.671,0.647,0.291
Ivory Coast,2015,4.445,8.393,0.704,47.7,0.8,-0.053,0.744,0.664,0.347
Ivory Coast,2016,4.543,8.437,0.617,48.3,0.769,-0.043,0.757,0.704,0.378
Ivory Coast,2017,5.038,8.483,0.661,48.9,0.732,-0.111,0.771,0.698,0.357
Ivory Coast,2018,5.268,8.523,0.621,49.5,0.713,-0.05,0.791,0.682,0.386
Ivory Coast,2019,5.392,8.564,0.679,50.1,0.736,-0.017,0.799,0.674,0.425
Ivory Coast,2020,5.257,8.565,0.613,50.7,0.77,0.016,0.777,0.693,0.34
Jamaica,2006,6.208,9.225,0.909,64.9,0.738,-0.004,0.946,0.788,0.201
Jamaica,2011,5.374,9.164,0.855,66.22,0.796,-0.064,0.909,0.836,0.237
Jamaica,2013,5.709,9.151,0.865,66.46,0.793,-0.021,0.931,0.734,0.312
Jamaica,2014,5.311,9.152,0.874,66.58,0.809,-0.001,0.861,0.737,0.31
Jamaica,2017,5.89,9.169,0.913,67.1,0.861,-0.13,0.883,0.769,0.243
Jamaica,2019,6.309,9.186,0.878,67.5,0.891,-0.137,0.885,0.752,0.195
Japan,2005,6.516,10.529,0.928,73.2,0.868,,0.699,0.739,0.153
Japan,2007,6.238,10.558,0.938,73.44,0.796,-0.09,0.809,0.731,0.207
Japan,2008,5.911,10.546,0.887,73.56,0.772,-0.135,0.816,0.78,0.191
Japan,2009,5.845,10.491,0.888,73.68,0.73,-0.21,0.74,0.785,0.169
Japan,2010,6.057,10.532,0.902,73.8,0.772,-0.14,0.77,0.827,0.188
Japan,2011,6.263,10.532,0.917,73.98,0.814,-0.052,0.734,0.776,0.181
Japan,2012,5.968,10.549,0.905,74.16,0.753,,0.692,0.777,0.171
Japan,2013,5.959,10.57,0.924,74.34,0.821,-0.147,0.65,0.794,0.175
Japan,2014,5.923,10.575,0.9,74.52,0.838,-0.139,0.617,0.742,0.189
Japan,2015,5.88,10.588,0.923,74.7,0.832,-0.155,0.654,0.768,0.176
Japan,2016,5.955,10.595,0.9,74.8,0.836,-0.062,0.698,0.76,0.192
Japan,2017,5.911,10.618,0.882,74.9,0.849,-0.206,0.659,0.74,0.176
Japan,2018,5.794,10.623,0.886,75,0.773,-0.261,0.687,0.703,0.185
Japan,2019,5.908,10.632,0.878,75.1,0.806,-0.255,0.617,0.743,0.194
Japan,2020,6.118,10.58,0.887,75.2,0.806,-0.259,0.609,0.742,0.186
Jordan,2005,6.295,9.246,0.92,63.5,,,0.67,0.696,0.24
Jordan,2007,5.598,9.321,0.841,63.98,0.646,-0.112,0.664,0.683,0.24
Jordan,2008,4.93,9.343,0.766,64.22,,-0.127,0.709,0.669,0.331
Jordan,2009,6,9.347,0.899,64.46,0.771,-0.075,0.739,0.645,0.265
Jordan,2010,5.57,9.317,0.918,64.7,0.788,-0.046,,0.643,0.343
Jordan,2011,5.539,9.289,0.878,65,0.76,-0.143,,0.612,0.26
Jordan,2012,5.132,9.261,0.829,65.3,0.693,-0.16,,0.565,0.345
Jordan,2013,5.172,9.237,0.84,65.6,0.692,-0.117,,0.684,0.286
Jordan,2014,5.333,9.222,0.816,65.9,0.729,-0.104,,0.66,0.313
Jordan,2015,5.405,9.207,0.83,66.2,0.767,-0.046,,0.69,0.305
Jordan,2016,5.271,9.197,0.82,66.4,0.771,-0.038,,0.641,0.312
Jordan,2017,4.808,9.194,0.815,66.6,0.766,-0.152,,0.628,0.392
Jordan,2018,4.639,9.196,0.8,66.8,0.762,-0.186,,,
Jordan,2019,4.453,9.201,0.793,67,0.726,-0.165,,,
Jordan,2020,4.094,9.15,0.709,67.2,0.779,-0.15,,,
Kazakhstan,2006,5.476,9.804,0.872,58.2,0.731,-0.274,0.865,0.669,0.185
Kazakhstan,2007,5.719,9.878,0.861,58.7,0.806,-0.246,0.865,0.651,0.179
Kazakhstan,2008,5.886,9.898,0.839,59.2,0.727,-0.221,0.899,0.675,0.16
Kazakhstan,2009,5.383,9.884,0.893,59.7,0.856,-0.249,0.845,0.679,0.129
Kazakhstan,2010,5.514,9.94,0.904,60.2,0.785,-0.215,0.823,0.692,0.149
Kazakhstan,2011,5.736,9.997,0.905,60.72,0.878,-0.235,0.802,0.695,0.154
Kazakhstan,2012,5.759,10.03,0.892,61.24,0.84,-0.171,0.877,0.74,0.184
Kazakhstan,2013,5.835,10.074,0.889,61.76,0.782,-0.229,0.82,0.674,0.164
Kazakhstan,2014,5.97,10.101,0.795,62.28,0.799,0.004,0.805,0.718,0.169
Kazakhstan,2015,5.95,10.098,0.931,62.8,0.74,-0.037,0.714,0.73,0.174
Kazakhstan,2016,5.534,10.095,0.928,63.4,0.783,-0.036,0.702,0.702,0.155
Kazakhstan,2017,5.882,10.121,0.914,64,0.745,-0.035,0.755,0.757,0.171
Kazakhstan,2018,6.008,10.148,0.937,64.6,0.84,-0.098,0.824,0.693,0.162
Kazakhstan,2019,6.272,10.179,0.951,65.2,0.852,-0.055,0.708,0.787,0.139
Kazakhstan,2020,6.168,10.135,0.966,65.8,0.872,-0.056,0.661,0.684,0.15
Kenya,2006,4.223,8.039,0.909,50.22,0.616,-0.02,0.86,0.705,0.198
Kenya,2007,4.576,8.078,0.841,51.54,0.75,0.054,0.799,0.725,0.162
Kenya,2008,4.015,8.052,0.827,52.86,0.62,-0.012,0.909,0.772,0.149
Kenya,2009,4.27,8.057,0.789,54.18,0.584,0.1,0.913,0.772,0.183
Kenya,2010,4.256,8.111,0.805,55.5,0.635,0.019,0.918,0.819,0.123
Kenya,2011,4.405,8.143,0.846,56.06,0.709,0.022,0.923,0.76,0.228
Kenya,2012,4.547,8.161,0.831,56.62,0.628,0.066,0.911,0.707,0.194
Kenya,2013,3.795,8.192,0.825,57.18,0.708,0.212,0.861,0.765,0.161
Kenya,2014,4.905,8.219,0.765,57.74,0.819,0.172,0.849,0.814,0.221
Kenya,2015,4.358,8.249,0.777,58.3,0.793,0.221,0.853,0.702,0.172
Kenya,2016,4.396,8.282,0.706,58.9,0.749,0.298,0.828,0.743,0.226
Kenya,2017,4.476,8.306,0.715,59.5,0.853,0.234,0.854,0.788,0.23
Kenya,2018,4.656,8.344,0.707,60.1,0.821,0.291,0.844,0.759,0.237
Kenya,2019,4.619,8.373,0.676,60.7,0.818,0.31,0.794,0.751,0.251
Kenya,2020,4.547,8.365,0.674,61.3,0.702,0.26,0.837,0.733,0.297
Kosovo,2007,5.104,8.928,0.848,,0.381,0.144,0.894,0.655,0.237
Kosovo,2008,5.522,8.981,0.884,,,0.09,0.849,,0.318
Kosovo,2009,5.891,9.008,0.83,,0.506,0.201,0.968,0.598,0.169
Kosovo,2010,5.177,9.033,0.708,,0.451,0.17,0.967,0.695,0.118
Kosovo,2011,4.86,9.067,0.759,,0.589,0.004,0.919,0.696,0.124
Kosovo,2012,5.64,9.086,0.757,,0.636,0.027,0.95,0.596,0.1
Kosovo,2013,6.126,9.113,0.721,,0.568,0.115,0.935,0.692,0.203
Kosovo,2014,5,9.129,0.706,,0.441,0.012,0.775,0.636,0.206
Kosovo,2015,5.077,9.182,0.805,,0.561,0.181,0.851,0.753,0.18
Kosovo,2016,5.759,9.228,0.824,,0.827,0.125,0.941,0.704,0.15
Kosovo,2017,6.149,9.262,0.792,,0.858,0.117,0.925,0.738,0.186
Kosovo,2018,6.392,9.296,0.822,,0.89,0.269,0.922,0.778,0.17
Kosovo,2019,6.425,9.339,0.843,,0.841,0.247,0.92,0.749,0.141
Kosovo,2020,6.294,,0.792,,0.88,,0.91,0.726,0.201
Kuwait,2006,6.076,11.228,0.919,63.96,0.769,-0.236,0.328,0.846,0.182
Kuwait,2009,6.585,11.065,0.926,64.44,0.819,0.007,0.675,0.718,0.252
Kuwait,2010,6.798,10.982,0.893,64.6,0.703,-0.031,0.486,0.718,0.203
Kuwait,2011,6.378,11.017,0.882,64.9,0.769,,0.56,0.793,0.177
Kuwait,2012,6.221,11.025,0.889,65.2,0.934,,,0.821,0.095
Kuwait,2013,6.48,10.985,0.862,65.5,0.751,,,0.752,0.283
Kuwait,2014,6.18,10.945,,65.8,,,,,
Kuwait,2015,6.146,10.912,0.823,66.1,0.822,0.082,,0.723,0.324
Kuwait,2016,5.947,10.91,0.845,66.3,0.841,-0.075,,0.688,0.315
Kuwait,2017,6.094,10.837,0.853,66.5,0.884,-0.005,,0.692,0.307
Kuwait,2019,6.106,10.817,0.842,66.9,0.867,-0.104,,0.695,0.303
Kyrgyzstan,2006,4.641,8.185,0.844,59.98,0.678,-0.14,0.879,0.655,0.159
Kyrgyzstan,2007,4.698,8.258,0.833,60.26,0.684,-0.091,0.929,0.655,0.13
Kyrgyzstan,2008,4.737,8.329,0.792,60.54,0.719,-0.1,0.923,0.623,0.147
Kyrgyzstan,2009,5.069,8.345,0.855,60.82,0.699,-0.14,0.896,0.607,0.165
Kyrgyzstan,2010,4.996,8.329,0.885,61.1,0.72,-0.072,0.926,0.65,0.123
Kyrgyzstan,2011,4.921,8.374,0.891,61.52,0.748,-0.155,0.932,0.681,0.151
Kyrgyzstan,2012,5.208,8.357,0.856,61.94,0.703,-0.079,0.892,0.691,0.182
Kyrgyzstan,2013,5.402,8.441,0.851,62.36,0.755,-0.085,0.9,0.722,0.135
Kyrgyzstan,2014,5.252,8.46,0.898,62.78,0.736,0.355,0.897,0.725,0.185
Kyrgyzstan,2015,4.905,8.477,0.857,63.2,0.813,0.2,0.858,0.767,0.173
Kyrgyzstan,2016,4.857,8.5,0.914,63.5,0.814,0.056,0.917,0.778,0.126
Kyrgyzstan,2017,5.63,8.526,0.883,63.8,0.859,0.143,0.874,0.755,0.16
Kyrgyzstan,2018,5.297,8.543,0.898,64.1,0.945,0.267,0.907,0.763,0.203
Kyrgyzstan,2019,5.685,8.567,0.877,64.4,0.92,-0.002,0.885,0.766,0.207
Kyrgyzstan,2020,6.25,8.503,0.902,64.7,0.935,0.103,0.931,0.803,0.258
Laos,2006,5.076,8.251,0.807,53.92,0.925,0.439,0.688,0.886,0.163
Laos,2007,5.364,8.307,0.79,54.44,0.867,0.478,0.58,0.861,0.136
Laos,2008,5.044,8.366,0.807,54.96,0.886,0.416,0.637,0.829,0.202
Laos,2011,4.704,8.548,0.691,56.3,0.882,0.459,0.587,0.9,0.225
Laos,2012,4.876,8.611,0.693,56.6,,0.232,,0.917,0.387
Laos,2017,4.623,8.89,0.707,58.3,0.891,0.073,0.592,0.873,0.344
Laos,2018,4.859,8.935,0.705,58.7,0.907,0.141,0.634,0.852,0.332
Laos,2019,5.197,8.965,0.729,59.1,0.906,0.061,0.62,0.878,0.306
Laos,2020,5.284,8.96,0.66,59.5,0.915,0.141,0.748,0.822,0.358
Latvia,2006,4.71,10.032,0.884,63.16,0.641,-0.229,0.937,0.654,0.234
Latvia,2007,4.667,10.136,0.836,63.52,0.7,-0.167,0.924,0.673,0.247
Latvia,2008,5.145,10.112,0.855,63.88,0.63,-0.203,0.926,0.639,0.215
Latvia,2009,4.669,9.975,0.807,64.24,0.437,-0.18,0.942,0.525,0.242
Latvia,2011,4.967,10.029,0.836,64.86,0.564,-0.002,0.934,0.563,0.222
Latvia,2012,5.125,10.082,0.851,65.12,0.564,-0.038,0.895,0.56,0.232
Latvia,2013,5.07,10.116,0.834,65.38,0.631,-0.073,0.837,0.642,0.227
Latvia,2014,5.729,10.144,0.881,65.64,0.671,-0.043,0.804,0.652,0.226
Latvia,2015,5.881,10.185,0.879,65.9,0.656,-0.077,0.808,0.608,0.228
Latvia,2016,5.94,10.211,0.917,66.2,0.685,-0.156,0.868,0.654,0.231
Latvia,2017,5.978,10.257,0.895,66.5,0.7,-0.154,0.798,0.623,0.232
Latvia,2018,5.901,10.307,0.913,66.8,0.608,-0.212,0.799,0.585,0.192
Latvia,2019,5.97,10.336,0.936,67.1,0.698,-0.194,0.789,0.575,0.212
Latvia,2020,6.229,10.3,0.928,67.4,0.82,-0.078,0.809,0.714,0.202
Lebanon,2005,5.491,9.565,0.796,64.6,0.703,,0.945,0.584,0.292
Lebanon,2006,4.653,9.568,0.853,64.72,0.67,0.069,0.902,0.548,0.32
Lebanon,2008,4.595,9.743,0.717,64.96,0.524,0.035,0.927,0.527,0.365
Lebanon,2009,5.206,9.83,0.736,65.08,0.665,0.071,0.937,0.528,0.401
Lebanon,2010,5.032,9.878,0.721,65.2,0.678,0.073,0.949,0.525,0.341
Lebanon,2011,5.188,9.838,0.733,65.28,0.657,0.006,0.911,0.578,0.32
Lebanon,2012,4.573,9.8,0.713,65.36,0.621,-0.006,0.856,0.499,0.339
Lebanon,2013,4.983,9.772,0.708,65.44,0.655,-0.004,0.921,0.499,0.409
Lebanon,2014,5.233,9.739,0.759,65.52,0.657,-0.012,0.939,0.559,0.267
Lebanon,2015,5.172,9.699,0.742,65.6,0.597,0.073,0.889,0.568,0.243
Lebanon,2016,5.271,9.687,0.828,66.1,0.657,0.031,0.853,0.553,0.263
Lebanon,2017,5.154,9.681,0.777,66.6,0.605,-0.074,0.911,0.515,0.244
Lebanon,2018,5.167,9.656,0.829,67.1,0.607,-0.066,0.907,0.464,0.271
Lebanon,2019,4.024,9.597,0.866,67.6,0.447,-0.081,0.89,0.322,0.494
Lesotho,2011,4.898,7.777,0.824,45.74,0.618,-0.087,0.768,0.793,0.17
Lesotho,2016,3.808,7.953,0.798,46.6,0.729,-0.099,0.743,0.732,0.27
Lesotho,2017,3.795,7.931,0.769,47.3,0.757,-0.145,0.797,0.746,0.255
Lesotho,2019,3.512,7.926,0.79,48.7,0.716,-0.131,0.915,0.735,0.273
Liberia,2007,3.701,7.196,0.594,49.14,0.79,0.115,0.776,0.613,0.435
Liberia,2008,4.221,7.223,0.619,49.96,0.724,-0.035,0.84,0.585,0.261
Liberia,2010,4.196,7.258,0.827,51.6,0.819,-0.038,0.818,0.595,0.217
Liberia,2014,4.571,7.391,0.708,53.28,0.59,-0.03,0.869,0.543,0.443
Liberia,2015,2.702,7.365,0.638,53.7,0.671,-0.061,0.903,0.505,0.388
Liberia,2016,3.355,7.324,0.643,54.5,0.763,0.033,0.901,0.636,0.509
Liberia,2017,4.424,7.324,0.685,55.3,0.733,-0.012,0.867,0.668,0.391
Liberia,2018,4.135,7.311,0.727,56.1,0.766,0.05,0.868,0.66,0.436
Liberia,2019,5.121,7.264,0.712,56.9,0.706,0.051,0.828,0.636,0.389
Libya,2012,5.754,9.842,0.855,62.66,0.712,-0.032,0.791,0.695,0.316
Libya,2015,5.615,9.308,0.868,62.3,0.775,-0.044,,0.704,0.369
Libya,2016,5.434,9.268,0.876,62.3,0.822,-0.089,,0.718,0.383
Libya,2017,5.647,9.491,0.823,62.3,0.779,-0.019,0.673,0.697,0.379
Libya,2018,5.494,9.617,0.824,62.3,0.781,-0.101,0.646,0.706,0.399
Libya,2019,5.33,9.627,0.827,62.3,0.762,-0.073,0.686,0.709,0.401
Lithuania,2006,5.954,10.046,0.93,63.14,0.567,-0.295,0.967,0.621,0.254
Lithuania,2007,5.808,10.163,0.941,63.48,0.59,-0.282,0.966,0.589,0.279
Lithuania,2008,5.554,10.199,0.914,63.82,0.621,-0.259,0.961,0.533,0.276
Lithuania,2009,5.467,10.05,0.933,64.16,0.496,-0.303,0.979,0.526,0.271
Lithuania,2010,5.066,10.085,0.882,64.5,0.519,-0.275,0.962,0.473,0.272
Lithuania,2011,5.432,10.167,0.911,64.7,0.566,-0.148,0.964,0.57,0.275
Lithuania,2012,5.771,10.218,0.919,64.9,0.503,-0.273,0.957,0.581,0.277
